2019-11-12T12:00:00Z;52/Finance and Insurance;UK;Ltd;1;USD 21300001;Type1;borrower
2019-11-13T12:00:00Z;52/Finance and Insurance;UK;Ltd;1;USD 21300002;Type2;borrower
2019-11-14T12:00:00Z;52/Finance and Insurance;UK;Ltd;1;USD 21300003;Type3;borrower
2019-11-15T12:00:00Z;52/Finance and Insurance;UK;Ltd;1;USD 21300004;Type4;borrower
2019-11-16T12:00:00Z;52/Finance and Insurance;UK;Ltd;1;USD 21300005;Type5;borrower
2019-11-17T12:00:00Z;52/Finance and Insurance;UK;Ltd;1;USD 21300006;Type6;borrower
2019-11-18T12:00:00Z;52/Finance and Insurance;UK;Ltd;1;USD 21300007;Type7;borrower
2019-11-19T12:00:00Z;52/Finance and Insurance;UK;Ltd;1;USD 21300008;Type8;borrower
2019-11-20T12:00:00Z;52/Finance and Insurance;UK;Ltd;1;USD 21300009;Type9;borrower
2019-11-21T12:00:00Z;52/Finance and Insurance;UK;Ltd;1;USD 21300010;Type10;borrower
2019-11-22T12:00:00Z;52/Finance and Insurance;UK;Ltd;1;USD 21300011;Type11;borrower
2019-11-23T12:00:00Z;52/Finance and Insurance;UK;Ltd;1;USD 21300012;Type12;borrower
2019-11-24T12:00:00Z;52/Finance and Insurance;UK;Ltd;1;USD 21300013;Type13;borrower
2019-11-25T12:00:00Z;52/Finance and Insurance;UK;Ltd;1;USD 21300014;Type14;borrower
2019-11-26T12:00:00Z;52/Finance and Insurance;UK;Ltd;1;USD 21300015;Type15;borrower
2019-11-27T12:00:00Z;52/Finance and Insurance;UK;Ltd;1;USD 21300016;Type16;borrower
2019-11-28T12:00:00Z;52/Finance and Insurance;UK;Ltd;1;USD 21300017;Type17;borrower
2019-11-29T12:00:00Z;52/Finance and Insurance;UK;Ltd;1;USD 21300018;Type18;borrower
2019-11-30T12:00:00Z;52/Finance and Insurance;UK;Ltd;1;USD 21300019;Type19;borrower
2019-12-01T12:00:00Z;52/Finance and Insurance;UK;Ltd;1;USD 21300020;Type20;borrower
2019-12-02T12:00:00Z;52/Finance and Insurance;UK;Ltd;1;USD 21300021;Type21;borrower
2019-12-03T12:00:00Z;52/Finance and Insurance;UK;Ltd;1;USD 21300022;Type22;borrower
2019-12-04T12:00:00Z;52/Finance and Insurance;UK;Ltd;1;USD 21300023;Type23;borrower
2019-12-05T12:00:00Z;52/Finance and Insurance;UK;Ltd;1;USD 21300024;Type24;borrower
2019-12-06T12:00:00Z;52/Finance and Insurance;UK;Ltd;1;USD 21300025;Type25;borrower
2019-12-07T12:00:00Z;52/Finance and Insurance;UK;Ltd;1;USD 21300026;Type26;borrower
2019-12-08T12:00:00Z;52/Finance and Insurance;UK;Ltd;1;USD 21300027;Type27;borrower
2019-12-09T12:00:00Z;52/Finance and Insurance;UK;Ltd;1;USD 21300028;Type28;borrower
2019-12-10T12:00:00Z;52/Finance and Insurance;UK;Ltd;1;USD 21300029;Type29;borrower
2019-12-11T12:00:00Z;52/Finance and Insurance;UK;Ltd;1;USD 21300030;Type30;borrower
2019-12-12T12:00:00Z;52/Finance and Insurance;UK;Ltd;1;USD 21300031;Type31;borrower
2019-12-13T12:00:00Z;52/Finance and Insurance;UK;Ltd;1;USD 21300032;Type32;borrower
2019-12-14T12:00:00Z;52/Finance and Insurance;UK;Ltd;1;USD 21300033;Type33;borrower
2019-12-15T12:00:00Z;52/Finance and Insurance;UK;Ltd;1;USD 21300034;Type34;borrower
2019-12-16T12:00:00Z;52/Finance and Insurance;UK;Ltd;1;USD 21300035;Type35;borrower
2019-12-17T12:00:00Z;52/Finance and Insurance;UK;Ltd;1;USD 21300036;Type36;borrower
2019-12-18T12:00:00Z;52/Finance and Insurance;UK;Ltd;1;USD 21300037;Type37;borrower
2019-12-19T12:00:00Z;52/Finance and Insurance;UK;Ltd;1;USD 21300038;Type38;borrower
2019-12-20T12:00:00Z;52/Finance and Insurance;UK;Ltd;1;USD 21300039;Type39;borrower
2019-12-21T12:00:00Z;52/Finance and Insurance;UK;Ltd;1;USD 21300040;Type40;borrower
2019-12-22T12:00:00Z;52/Finance and Insurance;UK;Ltd;1;USD 21300041;Type41;borrower
2019-12-23T12:00:00Z;52/Finance and Insurance;UK;Ltd;1;USD 21300042;Type42;borrower
2019-12-24T12:00:00Z;52/Finance and Insurance;UK;Ltd;1;USD 21300043;Type43;borrower
2019-12-25T12:00:00Z;52/Finance and Insurance;UK;Ltd;1;USD 21300044;Type44;borrower
2019-12-26T12:00:00Z;52/Finance and Insurance;UK;Ltd;1;USD 21300045;Type45;borrower
2019-12-27T12:00:00Z;52/Finance and Insurance;UK;Ltd;1;USD 21300046;Type46;borrower
2019-12-28T12:00:00Z;52/Finance and Insurance;UK;Ltd;1;USD 21300047;Type47;borrower
2019-12-29T12:00:00Z;52/Finance and Insurance;UK;Ltd;1;USD 21300048;Type48;borrower
2019-12-30T12:00:00Z;52/Finance and Insurance;UK;Ltd;1;USD 21300049;Type49;borrower
2019-12-31T12:00:00Z;52/Finance and Insurance;UK;Ltd;1;USD 21300050;Type50;borrower
2020-01-01T12:00:00Z;52/Finance and Insurance;UK;Ltd;1;USD 21300051;Type51;borrower
2020-01-02T12:00:00Z;52/Finance and Insurance;UK;Ltd;1;USD 21300052;Type52;borrower
2020-01-03T12:00:00Z;52/Finance and Insurance;UK;Ltd;1;USD 21300053;Type53;borrower
2020-01-04T12:00:00Z;52/Finance and Insurance;UK;Ltd;1;USD 21300054;Type54;borrower
2020-01-05T12:00:00Z;52/Finance and Insurance;UK;Ltd;1;USD 21300055;Type55;borrower
2020-01-06T12:00:00Z;52/Finance and Insurance;UK;Ltd;1;USD 21300056;Type56;borrower
2020-01-07T12:00:00Z;52/Finance and Insurance;UK;Ltd;1;USD 21300057;Type57;borrower
2020-01-08T12:00:00Z;52/Finance and Insurance;UK;Ltd;1;USD 21300058;Type58;borrower
2020-01-09T12:00:00Z;52/Finance and Insurance;UK;Ltd;1;USD 21300059;Type59;borrower
2020-01-10T12:00:00Z;52/Finance and Insurance;UK;Ltd;1;USD 21300060;Type60;borrower
2020-01-11T12:00:00Z;52/Finance and Insurance;UK;Ltd;1;USD 21300061;Type61;borrower
2020-01-12T12:00:00Z;52/Finance and Insurance;UK;Ltd;1;USD 21300062;Type62;borrower
2020-01-13T12:00:00Z;52/Finance and Insurance;UK;Ltd;1;USD 21300063;Type63;borrower
2020-01-14T12:00:00Z;52/Finance and Insurance;UK;Ltd;1;USD 21300064;Type64;borrower
2020-01-15T12:00:00Z;52/Finance and Insurance;UK;Ltd;1;USD 21300065;Type65;borrower
2020-01-16T12:00:00Z;52/Finance and Insurance;UK;Ltd;1;USD 21300066;Type66;borrower
2020-01-17T12:00:00Z;52/Finance and Insurance;UK;Ltd;1;USD 21300067;Type67;borrower
2020-01-18T12:00:00Z;52/Finance and Insurance;UK;Ltd;1;USD 21300068;Type68;borrower
2020-01-19T12:00:00Z;52/Finance and Insurance;UK;Ltd;1;USD 21300069;Type69;borrower
2020-01-20T12:00:00Z;52/Finance and Insurance;UK;Ltd;1;USD 21300070;Type70;borrower
2020-01-21T12:00:00Z;52/Finance and Insurance;UK;Ltd;1;USD 21300071;Type71;borrower
2020-01-22T12:00:00Z;52/Finance and Insurance;UK;Ltd;1;USD 21300072;Type72;borrower
2020-01-23T12:00:00Z;52/Finance and Insurance;UK;Ltd;1;USD 21300073;Type73;borrower
2020-01-24T12:00:00Z;52/Finance and Insurance;UK;Ltd;1;USD 21300074;Type74;borrower
2020-01-25T12:00:00Z;52/Finance and Insurance;UK;Ltd;1;USD 21300075;Type75;borrower
2020-01-26T12:00:00Z;52/Finance and Insurance;UK;Ltd;1;USD 21300076;Type76;borrower
2020-01-27T12:00:00Z;52/Finance and Insurance;UK;Ltd;1;USD 21300077;Type77;borrower
2020-01-28T12:00:00Z;52/Finance and Insurance;UK;Ltd;1;USD 21300078;Type78;borrower
2020-01-29T12:00:00Z;52/Finance and Insurance;UK;Ltd;1;USD 21300079;Type79;borrower
2020-01-30T12:00:00Z;52/Finance and Insurance;UK;Ltd;1;USD 21300080;Type80;borrower
2020-01-31T12:00:00Z;52/Finance and Insurance;UK;Ltd;1;USD 21300081;Type81;borrower
2020-02-01T12:00:00Z;52/Finance and Insurance;UK;Ltd;1;USD 21300082;Type82;borrower
2020-02-02T12:00:00Z;52/Finance and Insurance;UK;Ltd;1;USD 21300083;Type83;borrower
2020-02-03T12:00:00Z;52/Finance and Insurance;UK;Ltd;1;USD 21300084;Type84;borrower
2020-02-04T12:00:00Z;52/Finance and Insurance;UK;Ltd;1;USD 21300085;Type85;borrower
2020-02-05T12:00:00Z;52/Finance and Insurance;UK;Ltd;1;USD 21300086;Type86;borrower
2020-02-06T12:00:00Z;52/Finance and Insurance;UK;Ltd;1;USD 21300087;Type87;borrower
2020-02-07T12:00:00Z;52/Finance and Insurance;UK;Ltd;1;USD 21300088;Type88;borrower
2020-02-08T12:00:00Z;52/Finance and Insurance;UK;Ltd;1;USD 21300089;Type89;borrower
2020-02-09T12:00:00Z;52/Finance and Insurance;UK;Ltd;1;USD 21300090;Type90;borrower
2020-02-10T12:00:00Z;52/Finance and Insurance;UK;Ltd;1;USD 21300091;Type91;borrower
2020-02-11T12:00:00Z;52/Finance and Insurance;UK;Ltd;1;USD 21300092;Type92;borrower
2020-02-12T12:00:00Z;52/Finance and Insurance;UK;Ltd;1;USD 21300093;Type93;borrower
2020-02-13T12:00:00Z;52/Finance and Insurance;UK;Ltd;1;USD 21300094;Type94;borrower
2020-02-14T12:00:00Z;52/Finance and Insurance;UK;Ltd;1;USD 21300095;Type95;borrower
2020-02-15T12:00:00Z;52/Finance and Insurance;UK;Ltd;1;USD 21300096;Type96;borrower
2020-02-16T12:00:00Z;52/Finance and Insurance;UK;Ltd;1;USD 21300097;Type97;borrower
2020-02-17T12:00:00Z;52/Finance and Insurance;UK;Ltd;1;USD 21300098;Type98;borrower
2020-02-18T12:00:00Z;52/Finance and Insurance;UK;Ltd;1;USD 21300099;Type99;borrower
2020-02-19T12:00:00Z;52/Finance and Insurance;UK;Ltd;1;USD 21300100;Type100;borrower
2020-02-20T12:00:00Z;52/Finance and Insurance;UK;Ltd;1;USD 21300101;Type101;borrower
2020-02-21T12:00:00Z;52/Finance and Insurance;UK;Ltd;1;USD 21300102;Type102;borrower
2020-02-22T12:00:00Z;52/Finance and Insurance;UK;Ltd;1;USD 21300103;Type103;borrower
2020-02-23T12:00:00Z;52/Finance and Insurance;UK;Ltd;1;USD 21300104;Type104;borrower
2020-02-24T12:00:00Z;52/Finance and Insurance;UK;Ltd;1;USD 21300105;Type105;borrower
2020-02-25T12:00:00Z;52/Finance and Insurance;UK;Ltd;1;USD 21300106;Type106;borrower
2020-02-26T12:00:00Z;52/Finance and Insurance;UK;Ltd;1;USD 21300107;Type107;borrower
2020-02-27T12:00:00Z;52/Finance and Insurance;UK;Ltd;1;USD 21300108;Type108;borrower
2020-02-28T12:00:00Z;52/Finance and Insurance;UK;Ltd;1;USD 21300109;Type109;borrower
2020-02-29T12:00:00Z;52/Finance and Insurance;UK;Ltd;1;USD 21300110;Type110;borrower
2020-03-01T12:00:00Z;52/Finance and Insurance;UK;Ltd;1;USD 21300111;Type111;borrower
2020-03-02T12:00:00Z;52/Finance and Insurance;UK;Ltd;1;USD 21300112;Type112;borrower
2020-03-03T12:00:00Z;52/Finance and Insurance;UK;Ltd;1;USD 21300113;Type113;borrower
2020-03-04T12:00:00Z;52/Finance and Insurance;UK;Ltd;1;USD 21300114;Type114;borrower
2020-03-05T12:00:00Z;52/Finance and Insurance;UK;Ltd;1;USD 21300115;Type115;borrower
2020-03-06T12:00:00Z;52/Finance and Insurance;UK;Ltd;1;USD 21300116;Type116;borrower
2020-03-07T12:00:00Z;52/Finance and Insurance;UK;Ltd;1;USD 21300117;Type117;borrower
2020-03-08T12:00:00Z;52/Finance and Insurance;UK;Ltd;1;USD 21300118;Type118;borrower
2020-03-09T12:00:00Z;52/Finance and Insurance;UK;Ltd;1;USD 21300119;Type119;borrower
2020-03-10T12:00:00Z;52/Finance and Insurance;UK;Ltd;1;USD 21300120;Type120;borrower
2020-03-11T12:00:00Z;52/Finance and Insurance;UK;Ltd;1;USD 21300121;Type121;borrower
2020-03-12T12:00:00Z;52/Finance and Insurance;UK;Ltd;1;USD 21300122;Type122;borrower
2020-03-13T12:00:00Z;52/Finance and Insurance;UK;Ltd;1;USD 21300123;Type123;borrower
2020-03-14T12:00:00Z;52/Finance and Insurance;UK;Ltd;1;USD 21300124;Type124;borrower
2020-03-15T12:00:00Z;52/Finance and Insurance;UK;Ltd;1;USD 21300125;Type125;borrower
2020-03-16T12:00:00Z;52/Finance and Insurance;UK;Ltd;1;USD 21300126;Type126;borrower
2020-03-17T12:00:00Z;52/Finance and Insurance;UK;Ltd;1;USD 21300127;Type127;borrower
2020-03-18T12:00:00Z;52/Finance and Insurance;UK;Ltd;1;USD 21300128;Type128;borrower
2020-03-19T12:00:00Z;52/Finance and Insurance;UK;Ltd;1;USD 21300129;Type129;borrower
2020-03-20T12:00:00Z;52/Finance and Insurance;UK;Ltd;1;USD 21300130;Type130;borrower
2020-03-21T12:00:00Z;52/Finance and Insurance;UK;Ltd;1;USD 21300131;Type131;borrower
2020-03-22T12:00:00Z;52/Finance and Insurance;UK;Ltd;1;USD 21300132;Type132;borrower
2020-03-23T12:00:00Z;52/Finance and Insurance;UK;Ltd;1;USD 21300133;Type133;borrower
2020-03-24T12:00:00Z;52/Finance and Insurance;UK;Ltd;1;USD 21300134;Type134;borrower
2020-03-25T12:00:00Z;52/Finance and Insurance;UK;Ltd;1;USD 21300135;Type135;borrower
2020-03-26T12:00:00Z;52/Finance and Insurance;UK;Ltd;1;USD 21300136;Type136;borrower
2020-03-27T12:00:00Z;52/Finance and Insurance;UK;Ltd;1;USD 21300137;Type137;borrower
2020-03-28T12:00:00Z;52/Finance and Insurance;UK;Ltd;1;USD 21300138;Type138;borrower
2020-03-29T12:00:00Z;52/Finance and Insurance;UK;Ltd;1;USD 21300139;Type139;borrower
2020-03-30T12:00:00Z;52/Finance and Insurance;UK;Ltd;1;USD 21300140;Type140;borrower
2020-03-31T12:00:00Z;52/Finance and Insurance;UK;Ltd;1;USD 21300141;Type141;borrower
2020-04-01T12:00:00Z;52/Finance and Insurance;UK;Ltd;1;USD 21300142;Type142;borrower
2020-04-02T12:00:00Z;52/Finance and Insurance;UK;Ltd;1;USD 21300143;Type143;borrower
2020-04-03T12:00:00Z;52/Finance and Insurance;UK;Ltd;1;USD 21300144;Type144;borrower
2020-04-04T12:00:00Z;52/Finance and Insurance;UK;Ltd;1;USD 21300145;Type145;borrower
2020-04-05T12:00:00Z;52/Finance and Insurance;UK;Ltd;1;USD 21300146;Type146;borrower
2020-04-06T12:00:00Z;52/Finance and Insurance;UK;Ltd;1;USD 21300147;Type147;borrower
2020-04-07T12:00:00Z;52/Finance and Insurance;UK;Ltd;1;USD 21300148;Type148;borrower
2020-04-08T12:00:00Z;52/Finance and Insurance;UK;Ltd;1;USD 21300149;Type149;borrower
2020-04-09T12:00:00Z;52/Finance and Insurance;UK;Ltd;1;USD 21300150;Type150;borrower
2020-04-10T12:00:00Z;52/Finance and Insurance;UK;Ltd;1;USD 21300151;Type151;borrower
2020-04-11T12:00:00Z;52/Finance and Insurance;UK;Ltd;1;USD 21300152;Type152;borrower
2020-04-12T12:00:00Z;52/Finance and Insurance;UK;Ltd;1;USD 21300153;Type153;borrower
2020-04-13T12:00:00Z;52/Finance and Insurance;UK;Ltd;1;USD 21300154;Type154;borrower
2020-04-14T12:00:00Z;52/Finance and Insurance;UK;Ltd;1;USD 21300155;Type155;borrower
2020-04-15T12:00:00Z;52/Finance and Insurance;UK;Ltd;1;USD 21300156;Type156;borrower
2020-04-16T12:00:00Z;52/Finance and Insurance;UK;Ltd;1;USD 21300157;Type157;borrower
2020-04-17T12:00:00Z;52/Finance and Insurance;UK;Ltd;1;USD 21300158;Type158;borrower
2020-04-18T12:00:00Z;52/Finance and Insurance;UK;Ltd;1;USD 21300159;Type159;borrower
2020-04-19T12:00:00Z;52/Finance and Insurance;UK;Ltd;1;USD 21300160;Type160;borrower
2020-04-20T12:00:00Z;52/Finance and Insurance;UK;Ltd;1;USD 21300161;Type161;borrower
2020-04-21T12:00:00Z;52/Finance and Insurance;UK;Ltd;1;USD 21300162;Type162;borrower
2020-04-22T12:00:00Z;52/Finance and Insurance;UK;Ltd;1;USD 21300163;Type163;borrower
2020-04-23T12:00:00Z;52/Finance and Insurance;UK;Ltd;1;USD 21300164;Type164;borrower
2020-04-24T12:00:00Z;52/Finance and Insurance;UK;Ltd;1;USD 21300165;Type165;borrower
2020-04-25T12:00:00Z;52/Finance and Insurance;UK;Ltd;1;USD 21300166;Type166;borrower
2020-04-26T12:00:00Z;52/Finance and Insurance;UK;Ltd;1;USD 21300167;Type167;borrower
2020-04-27T12:00:00Z;52/Finance and Insurance;UK;Ltd;1;USD 21300168;Type168;borrower
2020-04-28T12:00:00Z;52/Finance and Insurance;UK;Ltd;1;USD 21300169;Type169;borrower
2020-04-29T12:00:00Z;52/Finance and Insurance;UK;Ltd;1;USD 21300170;Type170;borrower
2020-04-30T12:00:00Z;52/Finance and Insurance;UK;Ltd;1;USD 21300171;Type171;borrower
2020-05-01T12:00:00Z;52/Finance and Insurance;UK;Ltd;1;USD 21300172;Type172;borrower
2020-05-02T12:00:00Z;52/Finance and Insurance;UK;Ltd;1;USD 21300173;Type173;borrower
2020-05-03T12:00:00Z;52/Finance and Insurance;UK;Ltd;1;USD 21300174;Type174;borrower
2020-05-04T12:00:00Z;52/Finance and Insurance;UK;Ltd;1;USD 21300175;Type175;borrower
2020-05-05T12:00:00Z;52/Finance and Insurance;UK;Ltd;1;USD 21300176;Type176;borrower
2020-05-06T12:00:00Z;52/Finance and Insurance;UK;Ltd;1;USD 21300177;Type177;borrower
2020-05-07T12:00:00Z;52/Finance and Insurance;UK;Ltd;1;USD 21300178;Type178;borrower
2020-05-08T12:00:00Z;52/Finance and Insurance;UK;Ltd;1;USD 21300179;Type179;borrower
2020-05-09T12:00:00Z;52/Finance and Insurance;UK;Ltd;1;USD 21300180;Type180;borrower
2020-05-10T12:00:00Z;52/Finance and Insurance;UK;Ltd;1;USD 21300181;Type181;borrower
2020-05-11T12:00:00Z;52/Finance and Insurance;UK;Ltd;1;USD 21300182;Type182;borrower
2020-05-12T12:00:00Z;52/Finance and Insurance;UK;Ltd;1;USD 21300183;Type183;borrower
2020-05-13T12:00:00Z;52/Finance and Insurance;UK;Ltd;1;USD 21300184;Type184;borrower
2020-05-14T12:00:00Z;52/Finance and Insurance;UK;Ltd;1;USD 21300185;Type185;borrower
2020-05-15T12:00:00Z;52/Finance and Insurance;UK;Ltd;1;USD 21300186;Type186;borrower
2020-05-16T12:00:00Z;52/Finance and Insurance;UK;Ltd;1;USD 21300187;Type187;borrower
2020-05-17T12:00:00Z;52/Finance and Insurance;UK;Ltd;1;USD 21300188;Type188;borrower
2020-05-18T12:00:00Z;52/Finance and Insurance;UK;Ltd;1;USD 21300189;Type189;borrower
2020-05-19T12:00:00Z;52/Finance and Insurance;UK;Ltd;1;USD 21300190;Type190;borrower
2020-05-20T12:00:00Z;52/Finance and Insurance;UK;Ltd;1;USD 21300191;Type191;borrower
2020-05-21T12:00:00Z;52/Finance and Insurance;UK;Ltd;1;USD 21300192;Type192;borrower
2020-05-22T12:00:00Z;52/Finance and Insurance;UK;Ltd;1;USD 21300193;Type193;borrower
2020-05-23T12:00:00Z;52/Finance and Insurance;UK;Ltd;1;USD 21300194;Type194;borrower
2020-05-24T12:00:00Z;52/Finance and Insurance;UK;Ltd;1;USD 21300195;Type195;borrower
2020-05-25T12:00:00Z;52/Finance and Insurance;UK;Ltd;1;USD 21300196;Type196;borrower
2020-05-26T12:00:00Z;52/Finance and Insurance;UK;Ltd;1;USD 21300197;Type197;borrower
2020-05-27T12:00:00Z;52/Finance and Insurance;UK;Ltd;1;USD 21300198;Type198;borrower
2020-05-28T12:00:00Z;52/Finance and Insurance;UK;Ltd;1;USD 21300199;Type199;borrower
2020-05-29T12:00:00Z;52/Finance and Insurance;UK;Ltd;1;USD 21300200;Type200;borrower
2020-05-30T12:00:00Z;52/Finance and Insurance;UK;Ltd;1;USD 21300201;Type201;borrower
2020-05-31T12:00:00Z;52/Finance and Insurance;UK;Ltd;1;USD 21300202;Type202;borrower
2020-06-01T12:00:00Z;52/Finance and Insurance;UK;Ltd;1;USD 21300203;Type203;borrower
2020-06-02T12:00:00Z;52/Finance and Insurance;UK;Ltd;1;USD 21300204;Type204;borrower
2020-06-03T12:00:00Z;52/Finance and Insurance;UK;Ltd;1;USD 21300205;Type205;borrower
2020-06-04T12:00:00Z;52/Finance and Insurance;UK;Ltd;1;USD 21300206;Type206;borrower
2020-06-05T12:00:00Z;52/Finance and Insurance;UK;Ltd;1;USD 21300207;Type207;borrower
2020-06-06T12:00:00Z;52/Finance and Insurance;UK;Ltd;1;USD 21300208;Type208;borrower
2020-06-07T12:00:00Z;52/Finance and Insurance;UK;Ltd;1;USD 21300209;Type209;borrower
2020-06-08T12:00:00Z;52/Finance and Insurance;UK;Ltd;1;USD 21300210;Type210;borrower
2020-06-09T12:00:00Z;52/Finance and Insurance;UK;Ltd;1;USD 21300211;Type211;borrower
2020-06-10T12:00:00Z;52/Finance and Insurance;UK;Ltd;1;USD 21300212;Type212;borrower
2020-06-11T12:00:00Z;52/Finance and Insurance;UK;Ltd;1;USD 21300213;Type213;borrower
2020-06-12T12:00:00Z;52/Finance and Insurance;UK;Ltd;1;USD 21300214;Type214;borrower
2020-06-13T12:00:00Z;52/Finance and Insurance;UK;Ltd;1;USD 21300215;Type215;borrower
2020-06-14T12:00:00Z;52/Finance and Insurance;UK;Ltd;1;USD 21300216;Type216;borrower
2020-06-15T12:00:00Z;52/Finance and Insurance;UK;Ltd;1;USD 21300217;Type217;borrower
2020-06-16T12:00:00Z;52/Finance and Insurance;UK;Ltd;1;USD 21300218;Type218;borrower
2020-06-17T12:00:00Z;52/Finance and Insurance;UK;Ltd;1;USD 21300219;Type219;borrower
2020-06-18T12:00:00Z;52/Finance and Insurance;UK;Ltd;1;USD 21300220;Type220;borrower
2020-06-19T12:00:00Z;52/Finance and Insurance;UK;Ltd;1;USD 21300221;Type221;borrower
2020-06-20T12:00:00Z;52/Finance and Insurance;UK;Ltd;1;USD 21300222;Type222;borrower
2020-06-21T12:00:00Z;52/Finance and Insurance;UK;Ltd;1;USD 21300223;Type223;borrower
2020-06-22T12:00:00Z;52/Finance and Insurance;UK;Ltd;1;USD 21300224;Type224;borrower
2020-06-23T12:00:00Z;52/Finance and Insurance;UK;Ltd;1;USD 21300225;Type225;borrower
2020-06-24T12:00:00Z;52/Finance and Insurance;UK;Ltd;1;USD 21300226;Type226;borrower
2020-06-25T12:00:00Z;52/Finance and Insurance;UK;Ltd;1;USD 21300227;Type227;borrower
2020-06-26T12:00:00Z;52/Finance and Insurance;UK;Ltd;1;USD 21300228;Type228;borrower
2020-06-27T12:00:00Z;52/Finance and Insurance;UK;Ltd;1;USD 21300229;Type229;borrower
2020-06-28T12:00:00Z;52/Finance and Insurance;UK;Ltd;1;USD 21300230;Type230;borrower
2020-06-29T12:00:00Z;52/Finance and Insurance;UK;Ltd;1;USD 21300231;Type231;borrower
2020-06-30T12:00:00Z;52/Finance and Insurance;UK;Ltd;1;USD 21300232;Type232;borrower
2020-07-01T12:00:00Z;52/Finance and Insurance;UK;Ltd;1;USD 21300233;Type233;borrower
2020-07-02T12:00:00Z;52/Finance and Insurance;UK;Ltd;1;USD 21300234;Type234;borrower
2020-07-03T12:00:00Z;52/Finance and Insurance;UK;Ltd;1;USD 21300235;Type235;borrower
2020-07-04T12:00:00Z;52/Finance and Insurance;UK;Ltd;1;USD 21300236;Type236;borrower
2020-07-05T12:00:00Z;52/Finance and Insurance;UK;Ltd;1;USD 21300237;Type237;borrower
2020-07-06T12:00:00Z;52/Finance and Insurance;UK;Ltd;1;USD 21300238;Type238;borrower
2020-07-07T12:00:00Z;52/Finance and Insurance;UK;Ltd;1;USD 21300239;Type239;borrower
2020-07-08T12:00:00Z;52/Finance and Insurance;UK;Ltd;1;USD 21300240;Type240;borrower
2020-07-09T12:00:00Z;52/Finance and Insurance;UK;Ltd;1;USD 21300241;Type241;borrower
2020-07-10T12:00:00Z;52/Finance and Insurance;UK;Ltd;1;USD 21300242;Type242;borrower
2020-07-11T12:00:00Z;52/Finance and Insurance;UK;Ltd;1;USD 21300243;Type243;borrower
2020-07-12T12:00:00Z;52/Finance and Insurance;UK;Ltd;1;USD 21300244;Type244;borrower
2020-07-13T12:00:00Z;52/Finance and Insurance;UK;Ltd;1;USD 21300245;Type245;borrower
2020-07-14T12:00:00Z;52/Finance and Insurance;UK;Ltd;1;USD 21300246;Type246;borrower
2020-07-15T12:00:00Z;52/Finance and Insurance;UK;Ltd;1;USD 21300247;Type247;borrower
2020-07-16T12:00:00Z;52/Finance and Insurance;UK;Ltd;1;USD 21300248;Type248;borrower
2020-07-17T12:00:00Z;52/Finance and Insurance;UK;Ltd;1;USD 21300249;Type249;borrower
2020-07-18T12:00:00Z;52/Finance and Insurance;UK;Ltd;1;USD 21300250;Type250;borrower
2020-07-19T12:00:00Z;52/Finance and Insurance;UK;Ltd;1;USD 21300251;Type251;borrower
2020-07-20T12:00:00Z;52/Finance and Insurance;UK;Ltd;1;USD 21300252;Type252;borrower
2020-07-21T12:00:00Z;52/Finance and Insurance;UK;Ltd;1;USD 21300253;Type253;borrower
2020-07-22T12:00:00Z;52/Finance and Insurance;UK;Ltd;1;USD 21300254;Type254;borrower
2020-07-23T12:00:00Z;52/Finance and Insurance;UK;Ltd;1;USD 21300255;Type255;borrower
2020-07-24T12:00:00Z;52/Finance and Insurance;UK;Ltd;1;USD 21300256;Type256;borrower
2020-07-25T12:00:00Z;52/Finance and Insurance;UK;Ltd;1;USD 21300257;Type257;borrower
2020-07-26T12:00:00Z;52/Finance and Insurance;UK;Ltd;1;USD 21300258;Type258;borrower
2020-07-27T12:00:00Z;52/Finance and Insurance;UK;Ltd;1;USD 21300259;Type259;borrower
2020-07-28T12:00:00Z;52/Finance and Insurance;UK;Ltd;1;USD 21300260;Type260;borrower
2020-07-29T12:00:00Z;52/Finance and Insurance;UK;Ltd;1;USD 21300261;Type261;borrower
2020-07-30T12:00:00Z;52/Finance and Insurance;UK;Ltd;1;USD 21300262;Type262;borrower
2020-07-31T12:00:00Z;52/Finance and Insurance;UK;Ltd;1;USD 21300263;Type263;borrower
2020-08-01T12:00:00Z;52/Finance and Insurance;UK;Ltd;1;USD 21300264;Type264;borrower
2020-08-02T12:00:00Z;52/Finance and Insurance;UK;Ltd;1;USD 21300265;Type265;borrower
2020-08-03T12:00:00Z;52/Finance and Insurance;UK;Ltd;1;USD 21300266;Type266;borrower
2020-08-04T12:00:00Z;52/Finance and Insurance;UK;Ltd;1;USD 21300267;Type267;borrower
2020-08-05T12:00:00Z;52/Finance and Insurance;UK;Ltd;1;USD 21300268;Type268;borrower
2020-08-06T12:00:00Z;52/Finance and Insurance;UK;Ltd;1;USD 21300269;Type269;borrower
2020-08-07T12:00:00Z;52/Finance and Insurance;UK;Ltd;1;USD 21300270;Type270;borrower
2020-08-08T12:00:00Z;52/Finance and Insurance;UK;Ltd;1;USD 21300271;Type271;borrower
2020-08-09T12:00:00Z;52/Finance and Insurance;UK;Ltd;1;USD 21300272;Type272;borrower
2020-08-10T12:00:00Z;52/Finance and Insurance;UK;Ltd;1;USD 21300273;Type273;borrower
2020-08-11T12:00:00Z;52/Finance and Insurance;UK;Ltd;1;USD 21300274;Type274;borrower
2020-08-12T12:00:00Z;52/Finance and Insurance;UK;Ltd;1;USD 21300275;Type275;borrower
2020-08-13T12:00:00Z;52/Finance and Insurance;UK;Ltd;1;USD 21300276;Type276;borrower
2020-08-14T12:00:00Z;52/Finance and Insurance;UK;Ltd;1;USD 21300277;Type277;borrower
2020-08-15T12:00:00Z;52/Finance and Insurance;UK;Ltd;1;USD 21300278;Type278;borrower
2020-08-16T12:00:00Z;52/Finance and Insurance;UK;Ltd;1;USD 21300279;Type279;borrower
2020-08-17T12:00:00Z;52/Finance and Insurance;UK;Ltd;1;USD 21300280;Type280;borrower
2020-08-18T12:00:00Z;52/Finance and Insurance;UK;Ltd;1;USD 21300281;Type281;borrower
2020-08-19T12:00:00Z;52/Finance and Insurance;UK;Ltd;1;USD 21300282;Type282;borrower
2020-08-20T12:00:00Z;52/Finance and Insurance;UK;Ltd;1;USD 21300283;Type283;borrower
2020-08-21T12:00:00Z;52/Finance and Insurance;UK;Ltd;1;USD 21300284;Type284;borrower
2020-08-22T12:00:00Z;52/Finance and Insurance;UK;Ltd;1;USD 21300285;Type285;borrower
2020-08-23T12:00:00Z;52/Finance and Insurance;UK;Ltd;1;USD 21300286;Type286;borrower
2020-08-24T12:00:00Z;52/Finance and Insurance;UK;Ltd;1;USD 21300287;Type287;borrower
2020-08-25T12:00:00Z;52/Finance and Insurance;UK;Ltd;1;USD 21300288;Type288;borrower
2020-08-26T12:00:00Z;52/Finance and Insurance;UK;Ltd;1;USD 21300289;Type289;borrower
2020-08-27T12:00:00Z;52/Finance and Insurance;UK;Ltd;1;USD 21300290;Type290;borrower
2020-08-28T12:00:00Z;52/Finance and Insurance;UK;Ltd;1;USD 21300291;Type291;borrower
2020-08-29T12:00:00Z;52/Finance and Insurance;UK;Ltd;1;USD 21300292;Type292;borrower
2020-08-30T12:00:00Z;52/Finance and Insurance;UK;Ltd;1;USD 21300293;Type293;borrower
2020-08-31T12:00:00Z;52/Finance and Insurance;UK;Ltd;1;USD 21300294;Type294;borrower
2020-09-01T12:00:00Z;52/Finance and Insurance;UK;Ltd;1;USD 21300295;Type295;borrower
2020-09-02T12:00:00Z;52/Finance and Insurance;UK;Ltd;1;USD 21300296;Type296;borrower
2020-09-03T12:00:00Z;52/Finance and Insurance;UK;Ltd;1;USD 21300297;Type297;borrower
2020-09-04T12:00:00Z;52/Finance and Insurance;UK;Ltd;1;USD 21300298;Type298;borrower
2020-09-05T12:00:00Z;52/Finance and Insurance;UK;Ltd;1;USD 21300299;Type299;borrower
2020-09-06T12:00:00Z;52/Finance and Insurance;UK;Ltd;1;USD 21300300;Type300;borrower
2020-09-07T12:00:00Z;52/Finance and Insurance;UK;Ltd;1;USD 21300301;Type301;borrower
2020-09-08T12:00:00Z;52/Finance and Insurance;UK;Ltd;1;USD 21300302;Type302;borrower
2020-09-09T12:00:00Z;52/Finance and Insurance;UK;Ltd;1;USD 21300303;Type303;borrower
2020-09-10T12:00:00Z;52/Finance and Insurance;UK;Ltd;1;USD 21300304;Type304;borrower
2020-09-11T12:00:00Z;52/Finance and Insurance;UK;Ltd;1;USD 21300305;Type305;borrower
2020-09-12T12:00:00Z;52/Finance and Insurance;UK;Ltd;1;USD 21300306;Type306;borrower
2020-09-13T12:00:00Z;52/Finance and Insurance;UK;Ltd;1;USD 21300307;Type307;borrower
2020-09-14T12:00:00Z;52/Finance and Insurance;UK;Ltd;1;USD 21300308;Type308;borrower
2020-09-15T12:00:00Z;52/Finance and Insurance;UK;Ltd;1;USD 21300309;Type309;borrower
2020-09-16T12:00:00Z;52/Finance and Insurance;UK;Ltd;1;USD 21300310;Type310;borrower
2020-09-17T12:00:00Z;52/Finance and Insurance;UK;Ltd;1;USD 21300311;Type311;borrower
2020-09-18T12:00:00Z;52/Finance and Insurance;UK;Ltd;1;USD 21300312;Type312;borrower
2020-09-19T12:00:00Z;52/Finance and Insurance;UK;Ltd;1;USD 21300313;Type313;borrower
2020-09-20T12:00:00Z;52/Finance and Insurance;UK;Ltd;1;USD 21300314;Type314;borrower
2020-09-21T12:00:00Z;52/Finance and Insurance;UK;Ltd;1;USD 21300315;Type315;borrower
2020-09-22T12:00:00Z;52/Finance and Insurance;UK;Ltd;1;USD 21300316;Type316;borrower
2020-09-23T12:00:00Z;52/Finance and Insurance;UK;Ltd;1;USD 21300317;Type317;borrower
2020-09-24T12:00:00Z;52/Finance and Insurance;UK;Ltd;1;USD 21300318;Type318;borrower
2020-09-25T12:00:00Z;52/Finance and Insurance;UK;Ltd;1;USD 21300319;Type319;borrower
2020-09-26T12:00:00Z;52/Finance and Insurance;UK;Ltd;1;USD 21300320;Type320;borrower
2020-09-27T12:00:00Z;52/Finance and Insurance;UK;Ltd;1;USD 21300321;Type321;borrower
2020-09-28T12:00:00Z;52/Finance and Insurance;UK;Ltd;1;USD 21300322;Type322;borrower
2020-09-29T12:00:00Z;52/Finance and Insurance;UK;Ltd;1;USD 21300323;Type323;borrower
2020-09-30T12:00:00Z;52/Finance and Insurance;UK;Ltd;1;USD 21300324;Type324;borrower
2020-10-01T12:00:00Z;52/Finance and Insurance;UK;Ltd;1;USD 21300325;Type325;borrower
2020-10-02T12:00:00Z;52/Finance and Insurance;UK;Ltd;1;USD 21300326;Type326;borrower
2020-10-03T12:00:00Z;52/Finance and Insurance;UK;Ltd;1;USD 21300327;Type327;borrower
2020-10-04T12:00:00Z;52/Finance and Insurance;UK;Ltd;1;USD 21300328;Type328;borrower
2020-10-05T12:00:00Z;52/Finance and Insurance;UK;Ltd;1;USD 21300329;Type329;borrower
2020-10-06T12:00:00Z;52/Finance and Insurance;UK;Ltd;1;USD 21300330;Type330;borrower
2020-10-07T12:00:00Z;52/Finance and Insurance;UK;Ltd;1;USD 21300331;Type331;borrower
2020-10-08T12:00:00Z;52/Finance and Insurance;UK;Ltd;1;USD 21300332;Type332;borrower
2020-10-09T12:00:00Z;52/Finance and Insurance;UK;Ltd;1;USD 21300333;Type333;borrower
2020-10-10T12:00:00Z;52/Finance and Insurance;UK;Ltd;1;USD 21300334;Type334;borrower
2020-10-11T12:00:00Z;52/Finance and Insurance;UK;Ltd;1;USD 21300335;Type335;borrower
2020-10-12T12:00:00Z;52/Finance and Insurance;UK;Ltd;1;USD 21300336;Type336;borrower
2020-10-13T12:00:00Z;52/Finance and Insurance;UK;Ltd;1;USD 21300337;Type337;borrower
2020-10-14T12:00:00Z;52/Finance and Insurance;UK;Ltd;1;USD 21300338;Type338;borrower
2020-10-15T12:00:00Z;52/Finance and Insurance;UK;Ltd;1;USD 21300339;Type339;borrower
2020-10-16T12:00:00Z;52/Finance and Insurance;UK;Ltd;1;USD 21300340;Type340;borrower
2020-10-17T12:00:00Z;52/Finance and Insurance;UK;Ltd;1;USD 21300341;Type341;borrower
2020-10-18T12:00:00Z;52/Finance and Insurance;UK;Ltd;1;USD 21300342;Type342;borrower
2020-10-19T12:00:00Z;52/Finance and Insurance;UK;Ltd;1;USD 21300343;Type343;borrower
2020-10-20T12:00:00Z;52/Finance and Insurance;UK;Ltd;1;USD 21300344;Type344;borrower
2020-10-21T12:00:00Z;52/Finance and Insurance;UK;Ltd;1;USD 21300345;Type345;borrower
2020-10-22T12:00:00Z;52/Finance and Insurance;UK;Ltd;1;USD 21300346;Type346;borrower
2020-10-23T12:00:00Z;52/Finance and Insurance;UK;Ltd;1;USD 21300347;Type347;borrower
2020-10-24T12:00:00Z;52/Finance and Insurance;UK;Ltd;1;USD 21300348;Type348;borrower
2020-10-25T12:00:00Z;52/Finance and Insurance;UK;Ltd;1;USD 21300349;Type349;borrower
2020-10-26T12:00:00Z;52/Finance and Insurance;UK;Ltd;1;USD 21300350;Type350;borrower
2020-10-27T12:00:00Z;52/Finance and Insurance;UK;Ltd;1;USD 21300351;Type351;borrower
2020-10-28T12:00:00Z;52/Finance and Insurance;UK;Ltd;1;USD 21300352;Type352;borrower
2020-10-29T12:00:00Z;52/Finance and Insurance;UK;Ltd;1;USD 21300353;Type353;borrower
2020-10-30T12:00:00Z;52/Finance and Insurance;UK;Ltd;1;USD 21300354;Type354;borrower
2020-10-31T12:00:00Z;52/Finance and Insurance;UK;Ltd;1;USD 21300355;Type355;borrower
2020-11-01T12:00:00Z;52/Finance and Insurance;UK;Ltd;1;USD 21300356;Type356;borrower
2020-11-02T12:00:00Z;52/Finance and Insurance;UK;Ltd;1;USD 21300357;Type357;borrower
2020-11-03T12:00:00Z;52/Finance and Insurance;UK;Ltd;1;USD 21300358;Type358;borrower
2020-11-04T12:00:00Z;52/Finance and Insurance;UK;Ltd;1;USD 21300359;Type359;borrower
2020-11-05T12:00:00Z;52/Finance and Insurance;UK;Ltd;1;USD 21300360;Type360;borrower
2020-11-06T12:00:00Z;52/Finance and Insurance;UK;Ltd;1;USD 21300361;Type361;borrower
2020-11-07T12:00:00Z;52/Finance and Insurance;UK;Ltd;1;USD 21300362;Type362;borrower
2020-11-08T12:00:00Z;52/Finance and Insurance;UK;Ltd;1;USD 21300363;Type363;borrower
2020-11-09T12:00:00Z;52/Finance and Insurance;UK;Ltd;1;USD 21300364;Type364;borrower
2020-11-10T12:00:00Z;52/Finance and Insurance;UK;Ltd;1;USD 21300365;Type365;borrower
2020-11-11T12:00:00Z;52/Finance and Insurance;UK;Ltd;1;USD 21300366;Type366;borrower
2020-11-12T12:00:00Z;52/Finance and Insurance;UK;Ltd;1;USD 21300367;Type367;borrower
2020-11-13T12:00:00Z;52/Finance and Insurance;UK;Ltd;1;USD 21300368;Type368;borrower
2020-11-14T12:00:00Z;52/Finance and Insurance;UK;Ltd;1;USD 21300369;Type369;borrower
2020-11-15T12:00:00Z;52/Finance and Insurance;UK;Ltd;1;USD 21300370;Type370;borrower
2020-11-16T12:00:00Z;52/Finance and Insurance;UK;Ltd;1;USD 21300371;Type371;borrower
2020-11-17T12:00:00Z;52/Finance and Insurance;UK;Ltd;1;USD 21300372;Type372;borrower
2020-11-18T12:00:00Z;52/Finance and Insurance;UK;Ltd;1;USD 21300373;Type373;borrower
2020-11-19T12:00:00Z;52/Finance and Insurance;UK;Ltd;1;USD 21300374;Type374;borrower
2020-11-20T12:00:00Z;52/Finance and Insurance;UK;Ltd;1;USD 21300375;Type375;borrower
2020-11-21T12:00:00Z;52/Finance and Insurance;UK;Ltd;1;USD 21300376;Type376;borrower
2020-11-22T12:00:00Z;52/Finance and Insurance;UK;Ltd;1;USD 21300377;Type377;borrower
2020-11-23T12:00:00Z;52/Finance and Insurance;UK;Ltd;1;USD 21300378;Type378;borrower
2020-11-24T12:00:00Z;52/Finance and Insurance;UK;Ltd;1;USD 21300379;Type379;borrower
2020-11-25T12:00:00Z;52/Finance and Insurance;UK;Ltd;1;USD 21300380;Type380;borrower
2020-11-26T12:00:00Z;52/Finance and Insurance;UK;Ltd;1;USD 21300381;Type381;borrower
2020-11-27T12:00:00Z;52/Finance and Insurance;UK;Ltd;1;USD 21300382;Type382;borrower
2020-11-28T12:00:00Z;52/Finance and Insurance;UK;Ltd;1;USD 21300383;Type383;borrower
2020-11-29T12:00:00Z;52/Finance and Insurance;UK;Ltd;1;USD 21300384;Type384;borrower
2020-11-30T12:00:00Z;52/Finance and Insurance;UK;Ltd;1;USD 21300385;Type385;borrower
2020-12-01T12:00:00Z;52/Finance and Insurance;UK;Ltd;1;USD 21300386;Type386;borrower
2020-12-02T12:00:00Z;52/Finance and Insurance;UK;Ltd;1;USD 21300387;Type387;borrower
2020-12-03T12:00:00Z;52/Finance and Insurance;UK;Ltd;1;USD 21300388;Type388;borrower
2020-12-04T12:00:00Z;52/Finance and Insurance;UK;Ltd;1;USD 21300389;Type389;borrower
2020-12-05T12:00:00Z;52/Finance and Insurance;UK;Ltd;1;USD 21300390;Type390;borrower
2020-12-06T12:00:00Z;52/Finance and Insurance;UK;Ltd;1;USD 21300391;Type391;borrower
2020-12-07T12:00:00Z;52/Finance and Insurance;UK;Ltd;1;USD 21300392;Type392;borrower
2020-12-08T12:00:00Z;52/Finance and Insurance;UK;Ltd;1;USD 21300393;Type393;borrower
2020-12-09T12:00:00Z;52/Finance and Insurance;UK;Ltd;1;USD 21300394;Type394;borrower
2020-12-10T12:00:00Z;52/Finance and Insurance;UK;Ltd;1;USD 21300395;Type395;borrower
2020-12-11T12:00:00Z;52/Finance and Insurance;UK;Ltd;1;USD 21300396;Type396;borrower
2020-12-12T12:00:00Z;52/Finance and Insurance;UK;Ltd;1;USD 21300397;Type397;borrower
2020-12-13T12:00:00Z;52/Finance and Insurance;UK;Ltd;1;USD 21300398;Type398;borrower
2020-12-14T12:00:00Z;52/Finance and Insurance;UK;Ltd;1;USD 21300399;Type399;borrower
2020-12-15T12:00:00Z;52/Finance and Insurance;UK;Ltd;1;USD 21300400;Type400;borrower
2020-12-16T12:00:00Z;52/Finance and Insurance;UK;Ltd;1;USD 21300401;Type401;borrower
2020-12-17T12:00:00Z;52/Finance and Insurance;UK;Ltd;1;USD 21300402;Type402;borrower
2020-12-18T12:00:00Z;52/Finance and Insurance;UK;Ltd;1;USD 21300403;Type403;borrower
2020-12-19T12:00:00Z;52/Finance and Insurance;UK;Ltd;1;USD 21300404;Type404;borrower
2020-12-20T12:00:00Z;52/Finance and Insurance;UK;Ltd;1;USD 21300405;Type405;borrower
2020-12-21T12:00:00Z;52/Finance and Insurance;UK;Ltd;1;USD 21300406;Type406;borrower
2020-12-22T12:00:00Z;52/Finance and Insurance;UK;Ltd;1;USD 21300407;Type407;borrower
2020-12-23T12:00:00Z;52/Finance and Insurance;UK;Ltd;1;USD 21300408;Type408;borrower
2020-12-24T12:00:00Z;52/Finance and Insurance;UK;Ltd;1;USD 21300409;Type409;borrower
2020-12-25T12:00:00Z;52/Finance and Insurance;UK;Ltd;1;USD 21300410;Type410;borrower
2020-12-26T12:00:00Z;52/Finance and Insurance;UK;Ltd;1;USD 21300411;Type411;borrower
2020-12-27T12:00:00Z;52/Finance and Insurance;UK;Ltd;1;USD 21300412;Type412;borrower
2020-12-28T12:00:00Z;52/Finance and Insurance;UK;Ltd;1;USD 21300413;Type413;borrower
2020-12-29T12:00:00Z;52/Finance and Insurance;UK;Ltd;1;USD 21300414;Type414;borrower
2020-12-30T12:00:00Z;52/Finance and Insurance;UK;Ltd;1;USD 21300415;Type415;borrower
2020-12-31T12:00:00Z;52/Finance and Insurance;UK;Ltd;1;USD 21300416;Type416;borrower
2021-01-01T12:00:00Z;52/Finance and Insurance;UK;Ltd;1;USD 21300417;Type417;borrower
2021-01-02T12:00:00Z;52/Finance and Insurance;UK;Ltd;1;USD 21300418;Type418;borrower
2021-01-03T12:00:00Z;52/Finance and Insurance;UK;Ltd;1;USD 21300419;Type419;borrower
2021-01-04T12:00:00Z;52/Finance and Insurance;UK;Ltd;1;USD 21300420;Type420;borrower
2021-01-05T12:00:00Z;52/Finance and Insurance;UK;Ltd;1;USD 21300421;Type421;borrower
2021-01-06T12:00:00Z;52/Finance and Insurance;UK;Ltd;1;USD 21300422;Type422;borrower
2021-01-07T12:00:00Z;52/Finance and Insurance;UK;Ltd;1;USD 21300423;Type423;borrower
2021-01-08T12:00:00Z;52/Finance and Insurance;UK;Ltd;1;USD 21300424;Type424;borrower
2021-01-09T12:00:00Z;52/Finance and Insurance;UK;Ltd;1;USD 21300425;Type425;borrower
2021-01-10T12:00:00Z;52/Finance and Insurance;UK;Ltd;1;USD 21300426;Type426;borrower
2021-01-11T12:00:00Z;52/Finance and Insurance;UK;Ltd;1;USD 21300427;Type427;borrower
2021-01-12T12:00:00Z;52/Finance and Insurance;UK;Ltd;1;USD 21300428;Type428;borrower
2021-01-13T12:00:00Z;52/Finance and Insurance;UK;Ltd;1;USD 21300429;Type429;borrower
2021-01-14T12:00:00Z;52/Finance and Insurance;UK;Ltd;1;USD 21300430;Type430;borrower
2021-01-15T12:00:00Z;52/Finance and Insurance;UK;Ltd;1;USD 21300431;Type431;borrower
2021-01-16T12:00:00Z;52/Finance and Insurance;UK;Ltd;1;USD 21300432;Type432;borrower
2021-01-17T12:00:00Z;52/Finance and Insurance;UK;Ltd;1;USD 21300433;Type433;borrower
2021-01-18T12:00:00Z;52/Finance and Insurance;UK;Ltd;1;USD 21300434;Type434;borrower
2021-01-19T12:00:00Z;52/Finance and Insurance;UK;Ltd;1;USD 21300435;Type435;borrower
2021-01-20T12:00:00Z;52/Finance and Insurance;UK;Ltd;1;USD 21300436;Type436;borrower
2021-01-21T12:00:00Z;52/Finance and Insurance;UK;Ltd;1;USD 21300437;Type437;borrower
2021-01-22T12:00:00Z;52/Finance and Insurance;UK;Ltd;1;USD 21300438;Type438;borrower
2021-01-23T12:00:00Z;52/Finance and Insurance;UK;Ltd;1;USD 21300439;Type439;borrower
2021-01-24T12:00:00Z;52/Finance and Insurance;UK;Ltd;1;USD 21300440;Type440;borrower
2021-01-25T12:00:00Z;52/Finance and Insurance;UK;Ltd;1;USD 21300441;Type441;borrower
2021-01-26T12:00:00Z;52/Finance and Insurance;UK;Ltd;1;USD 21300442;Type442;borrower
2021-01-27T12:00:00Z;52/Finance and Insurance;UK;Ltd;1;USD 21300443;Type443;borrower
2021-01-28T12:00:00Z;52/Finance and Insurance;UK;Ltd;1;USD 21300444;Type444;borrower
2021-01-29T12:00:00Z;52/Finance and Insurance;UK;Ltd;1;USD 21300445;Type445;borrower
2021-01-30T12:00:00Z;52/Finance and Insurance;UK;Ltd;1;USD 21300446;Type446;borrower
2021-01-31T12:00:00Z;52/Finance and Insurance;UK;Ltd;1;USD 21300447;Type447;borrower
2021-02-01T12:00:00Z;52/Finance and Insurance;UK;Ltd;1;USD 21300448;Type448;borrower
2021-02-02T12:00:00Z;52/Finance and Insurance;UK;Ltd;1;USD 21300449;Type449;borrower
2021-02-03T12:00:00Z;52/Finance and Insurance;UK;Ltd;1;USD 21300450;Type450;borrower
2021-02-04T12:00:00Z;52/Finance and Insurance;UK;Ltd;1;USD 21300451;Type451;borrower
2021-02-05T12:00:00Z;52/Finance and Insurance;UK;Ltd;1;USD 21300452;Type452;borrower
2021-02-06T12:00:00Z;52/Finance and Insurance;UK;Ltd;1;USD 21300453;Type453;borrower
2021-02-07T12:00:00Z;52/Finance and Insurance;UK;Ltd;1;USD 21300454;Type454;borrower
2021-02-08T12:00:00Z;52/Finance and Insurance;UK;Ltd;1;USD 21300455;Type455;borrower
2021-02-09T12:00:00Z;52/Finance and Insurance;UK;Ltd;1;USD 21300456;Type456;borrower
2021-02-10T12:00:00Z;52/Finance and Insurance;UK;Ltd;1;USD 21300457;Type457;borrower
2021-02-11T12:00:00Z;52/Finance and Insurance;UK;Ltd;1;USD 21300458;Type458;borrower
2021-02-12T12:00:00Z;52/Finance and Insurance;UK;Ltd;1;USD 21300459;Type459;borrower
2021-02-13T12:00:00Z;52/Finance and Insurance;UK;Ltd;1;USD 21300460;Type460;borrower
2021-02-14T12:00:00Z;52/Finance and Insurance;UK;Ltd;1;USD 21300461;Type461;borrower
2021-02-15T12:00:00Z;52/Finance and Insurance;UK;Ltd;1;USD 21300462;Type462;borrower
2021-02-16T12:00:00Z;52/Finance and Insurance;UK;Ltd;1;USD 21300463;Type463;borrower
2021-02-17T12:00:00Z;52/Finance and Insurance;UK;Ltd;1;USD 21300464;Type464;borrower
2021-02-18T12:00:00Z;52/Finance and Insurance;UK;Ltd;1;USD 21300465;Type465;borrower
2021-02-19T12:00:00Z;52/Finance and Insurance;UK;Ltd;1;USD 21300466;Type466;borrower
2021-02-20T12:00:00Z;52/Finance and Insurance;UK;Ltd;1;USD 21300467;Type467;borrower
2021-02-21T12:00:00Z;52/Finance and Insurance;UK;Ltd;1;USD 21300468;Type468;borrower
2021-02-22T12:00:00Z;52/Finance and Insurance;UK;Ltd;1;USD 21300469;Type469;borrower
2021-02-23T12:00:00Z;52/Finance and Insurance;UK;Ltd;1;USD 21300470;Type470;borrower
2021-02-24T12:00:00Z;52/Finance and Insurance;UK;Ltd;1;USD 21300471;Type471;borrower
2021-02-25T12:00:00Z;52/Finance and Insurance;UK;Ltd;1;USD 21300472;Type472;borrower
2021-02-26T12:00:00Z;52/Finance and Insurance;UK;Ltd;1;USD 21300473;Type473;borrower
2021-02-27T12:00:00Z;52/Finance and Insurance;UK;Ltd;1;USD 21300474;Type474;borrower
2021-02-28T12:00:00Z;52/Finance and Insurance;UK;Ltd;1;USD 21300475;Type475;borrower
2021-03-01T12:00:00Z;52/Finance and Insurance;UK;Ltd;1;USD 21300476;Type476;borrower
2021-03-02T12:00:00Z;52/Finance and Insurance;UK;Ltd;1;USD 21300477;Type477;borrower
2021-03-03T12:00:00Z;52/Finance and Insurance;UK;Ltd;1;USD 21300478;Type478;borrower
2021-03-04T12:00:00Z;52/Finance and Insurance;UK;Ltd;1;USD 21300479;Type479;borrower
2021-03-05T12:00:00Z;52/Finance and Insurance;UK;Ltd;1;USD 21300480;Type480;borrower
2021-03-06T12:00:00Z;52/Finance and Insurance;UK;Ltd;1;USD 21300481;Type481;borrower
2021-03-07T12:00:00Z;52/Finance and Insurance;UK;Ltd;1;USD 21300482;Type482;borrower
2021-03-08T12:00:00Z;52/Finance and Insurance;UK;Ltd;1;USD 21300483;Type483;borrower
2021-03-09T12:00:00Z;52/Finance and Insurance;UK;Ltd;1;USD 21300484;Type484;borrower
2021-03-10T12:00:00Z;52/Finance and Insurance;UK;Ltd;1;USD 21300485;Type485;borrower
2021-03-11T12:00:00Z;52/Finance and Insurance;UK;Ltd;1;USD 21300486;Type486;borrower
2021-03-12T12:00:00Z;52/Finance and Insurance;UK;Ltd;1;USD 21300487;Type487;borrower
2021-03-13T12:00:00Z;52/Finance and Insurance;UK;Ltd;1;USD 21300488;Type488;borrower
2021-03-14T12:00:00Z;52/Finance and Insurance;UK;Ltd;1;USD 21300489;Type489;borrower
2021-03-15T12:00:00Z;52/Finance and Insurance;UK;Ltd;1;USD 21300490;Type490;borrower
2021-03-16T12:00:00Z;52/Finance and Insurance;UK;Ltd;1;USD 21300491;Type491;borrower
2021-03-17T12:00:00Z;52/Finance and Insurance;UK;Ltd;1;USD 21300492;Type492;borrower
2021-03-18T12:00:00Z;52/Finance and Insurance;UK;Ltd;1;USD 21300493;Type493;borrower
2021-03-19T12:00:00Z;52/Finance and Insurance;UK;Ltd;1;USD 21300494;Type494;borrower
2021-03-20T12:00:00Z;52/Finance and Insurance;UK;Ltd;1;USD 21300495;Type495;borrower
2021-03-21T12:00:00Z;52/Finance and Insurance;UK;Ltd;1;USD 21300496;Type496;borrower
2021-03-22T12:00:00Z;52/Finance and Insurance;UK;Ltd;1;USD 21300497;Type497;borrower
2021-03-23T12:00:00Z;52/Finance and Insurance;UK;Ltd;1;USD 21300498;Type498;borrower
2021-03-24T12:00:00Z;52/Finance and Insurance;UK;Ltd;1;USD 21300499;Type499;borrower
2021-03-25T12:00:00Z;52/Finance and Insurance;UK;Ltd;1;USD 21300500;Type500;borrower
2021-03-26T12:00:00Z;52/Finance and Insurance;UK;Ltd;1;USD 21300501;Type501;borrower
2021-03-27T12:00:00Z;52/Finance and Insurance;UK;Ltd;1;USD 21300502;Type502;borrower
2021-03-28T12:00:00Z;52/Finance and Insurance;UK;Ltd;1;USD 21300503;Type503;borrower
2021-03-29T12:00:00Z;52/Finance and Insurance;UK;Ltd;1;USD 21300504;Type504;borrower
2021-03-30T12:00:00Z;52/Finance and Insurance;UK;Ltd;1;USD 21300505;Type505;borrower
2021-03-31T12:00:00Z;52/Finance and Insurance;UK;Ltd;1;USD 21300506;Type506;borrower
2021-04-01T12:00:00Z;52/Finance and Insurance;UK;Ltd;1;USD 21300507;Type507;borrower
2021-04-02T12:00:00Z;52/Finance and Insurance;UK;Ltd;1;USD 21300508;Type508;borrower
2021-04-03T12:00:00Z;52/Finance and Insurance;UK;Ltd;1;USD 21300509;Type509;borrower
2021-04-04T12:00:00Z;52/Finance and Insurance;UK;Ltd;1;USD 21300510;Type510;borrower
2021-04-05T12:00:00Z;52/Finance and Insurance;UK;Ltd;1;USD 21300511;Type511;borrower
2021-04-06T12:00:00Z;52/Finance and Insurance;UK;Ltd;1;USD 21300512;Type512;borrower
2021-04-07T12:00:00Z;52/Finance and Insurance;UK;Ltd;1;USD 21300513;Type513;borrower
2021-04-08T12:00:00Z;52/Finance and Insurance;UK;Ltd;1;USD 21300514;Type514;borrower
2021-04-09T12:00:00Z;52/Finance and Insurance;UK;Ltd;1;USD 21300515;Type515;borrower
2021-04-10T12:00:00Z;52/Finance and Insurance;UK;Ltd;1;USD 21300516;Type516;borrower
2021-04-11T12:00:00Z;52/Finance and Insurance;UK;Ltd;1;USD 21300517;Type517;borrower
2021-04-12T12:00:00Z;52/Finance and Insurance;UK;Ltd;1;USD 21300518;Type518;borrower
2021-04-13T12:00:00Z;52/Finance and Insurance;UK;Ltd;1;USD 21300519;Type519;borrower
2021-04-14T12:00:00Z;52/Finance and Insurance;UK;Ltd;1;USD 21300520;Type520;borrower
2021-04-15T12:00:00Z;52/Finance and Insurance;UK;Ltd;1;USD 21300521;Type521;borrower
2021-04-16T12:00:00Z;52/Finance and Insurance;UK;Ltd;1;USD 21300522;Type522;borrower
2021-04-17T12:00:00Z;52/Finance and Insurance;UK;Ltd;1;USD 21300523;Type523;borrower
2021-04-18T12:00:00Z;52/Finance and Insurance;UK;Ltd;1;USD 21300524;Type524;borrower
2021-04-19T12:00:00Z;52/Finance and Insurance;UK;Ltd;1;USD 21300525;Type525;borrower
2021-04-20T12:00:00Z;52/Finance and Insurance;UK;Ltd;1;USD 21300526;Type526;borrower
2021-04-21T12:00:00Z;52/Finance and Insurance;UK;Ltd;1;USD 21300527;Type527;borrower
2021-04-22T12:00:00Z;52/Finance and Insurance;UK;Ltd;1;USD 21300528;Type528;borrower
2021-04-23T12:00:00Z;52/Finance and Insurance;UK;Ltd;1;USD 21300529;Type529;borrower
2021-04-24T12:00:00Z;52/Finance and Insurance;UK;Ltd;1;USD 21300530;Type530;borrower
2021-04-25T12:00:00Z;52/Finance and Insurance;UK;Ltd;1;USD 21300531;Type531;borrower
2021-04-26T12:00:00Z;52/Finance and Insurance;UK;Ltd;1;USD 21300532;Type532;borrower
2021-04-27T12:00:00Z;52/Finance and Insurance;UK;Ltd;1;USD 21300533;Type533;borrower
2021-04-28T12:00:00Z;52/Finance and Insurance;UK;Ltd;1;USD 21300534;Type534;borrower
2021-04-29T12:00:00Z;52/Finance and Insurance;UK;Ltd;1;USD 21300535;Type535;borrower
2021-04-30T12:00:00Z;52/Finance and Insurance;UK;Ltd;1;USD 21300536;Type536;borrower
2021-05-01T12:00:00Z;52/Finance and Insurance;UK;Ltd;1;USD 21300537;Type537;borrower
2021-05-02T12:00:00Z;52/Finance and Insurance;UK;Ltd;1;USD 21300538;Type538;borrower
2021-05-03T12:00:00Z;52/Finance and Insurance;UK;Ltd;1;USD 21300539;Type539;borrower
2021-05-04T12:00:00Z;52/Finance and Insurance;UK;Ltd;1;USD 21300540;Type540;borrower
2021-05-05T12:00:00Z;52/Finance and Insurance;UK;Ltd;1;USD 21300541;Type541;borrower
2021-05-06T12:00:00Z;52/Finance and Insurance;UK;Ltd;1;USD 21300542;Type542;borrower
2021-05-07T12:00:00Z;52/Finance and Insurance;UK;Ltd;1;USD 21300543;Type543;borrower
2021-05-08T12:00:00Z;52/Finance and Insurance;UK;Ltd;1;USD 21300544;Type544;borrower
2021-05-09T12:00:00Z;52/Finance and Insurance;UK;Ltd;1;USD 21300545;Type545;borrower
2021-05-10T12:00:00Z;52/Finance and Insurance;UK;Ltd;1;USD 21300546;Type546;borrower
2021-05-11T12:00:00Z;52/Finance and Insurance;UK;Ltd;1;USD 21300547;Type547;borrower
2021-05-12T12:00:00Z;52/Finance and Insurance;UK;Ltd;1;USD 21300548;Type548;borrower
2021-05-13T12:00:00Z;52/Finance and Insurance;UK;Ltd;1;USD 21300549;Type549;borrower
2021-05-14T12:00:00Z;52/Finance and Insurance;UK;Ltd;1;USD 21300550;Type550;borrower
2021-05-15T12:00:00Z;52/Finance and Insurance;UK;Ltd;1;USD 21300551;Type551;borrower
2021-05-16T12:00:00Z;52/Finance and Insurance;UK;Ltd;1;USD 21300552;Type552;borrower
2021-05-17T12:00:00Z;52/Finance and Insurance;UK;Ltd;1;USD 21300553;Type553;borrower
2021-05-18T12:00:00Z;52/Finance and Insurance;UK;Ltd;1;USD 21300554;Type554;borrower
2021-05-19T12:00:00Z;52/Finance and Insurance;UK;Ltd;1;USD 21300555;Type555;borrower
2021-05-20T12:00:00Z;52/Finance and Insurance;UK;Ltd;1;USD 21300556;Type556;borrower
2021-05-21T12:00:00Z;52/Finance and Insurance;UK;Ltd;1;USD 21300557;Type557;borrower
2021-05-22T12:00:00Z;52/Finance and Insurance;UK;Ltd;1;USD 21300558;Type558;borrower
2021-05-23T12:00:00Z;52/Finance and Insurance;UK;Ltd;1;USD 21300559;Type559;borrower
2021-05-24T12:00:00Z;52/Finance and Insurance;UK;Ltd;1;USD 21300560;Type560;borrower
2021-05-25T12:00:00Z;52/Finance and Insurance;UK;Ltd;1;USD 21300561;Type561;borrower
2021-05-26T12:00:00Z;52/Finance and Insurance;UK;Ltd;1;USD 21300562;Type562;borrower
2021-05-27T12:00:00Z;52/Finance and Insurance;UK;Ltd;1;USD 21300563;Type563;borrower
2021-05-28T12:00:00Z;52/Finance and Insurance;UK;Ltd;1;USD 21300564;Type564;borrower
2021-05-29T12:00:00Z;52/Finance and Insurance;UK;Ltd;1;USD 21300565;Type565;borrower
2021-05-30T12:00:00Z;52/Finance and Insurance;UK;Ltd;1;USD 21300566;Type566;borrower
2021-05-31T12:00:00Z;52/Finance and Insurance;UK;Ltd;1;USD 21300567;Type567;borrower
2021-06-01T12:00:00Z;52/Finance and Insurance;UK;Ltd;1;USD 21300568;Type568;borrower
2021-06-02T12:00:00Z;52/Finance and Insurance;UK;Ltd;1;USD 21300569;Type569;borrower
2021-06-03T12:00:00Z;52/Finance and Insurance;UK;Ltd;1;USD 21300570;Type570;borrower
2021-06-04T12:00:00Z;52/Finance and Insurance;UK;Ltd;1;USD 21300571;Type571;borrower
2021-06-05T12:00:00Z;52/Finance and Insurance;UK;Ltd;1;USD 21300572;Type572;borrower
2021-06-06T12:00:00Z;52/Finance and Insurance;UK;Ltd;1;USD 21300573;Type573;borrower
2021-06-07T12:00:00Z;52/Finance and Insurance;UK;Ltd;1;USD 21300574;Type574;borrower
2021-06-08T12:00:00Z;52/Finance and Insurance;UK;Ltd;1;USD 21300575;Type575;borrower
2021-06-09T12:00:00Z;52/Finance and Insurance;UK;Ltd;1;USD 21300576;Type576;borrower
2021-06-10T12:00:00Z;52/Finance and Insurance;UK;Ltd;1;USD 21300577;Type577;borrower
2021-06-11T12:00:00Z;52/Finance and Insurance;UK;Ltd;1;USD 21300578;Type578;borrower
2021-06-12T12:00:00Z;52/Finance and Insurance;UK;Ltd;1;USD 21300579;Type579;borrower
2021-06-13T12:00:00Z;52/Finance and Insurance;UK;Ltd;1;USD 21300580;Type580;borrower
2021-06-14T12:00:00Z;52/Finance and Insurance;UK;Ltd;1;USD 21300581;Type581;borrower
2021-06-15T12:00:00Z;52/Finance and Insurance;UK;Ltd;1;USD 21300582;Type582;borrower
2021-06-16T12:00:00Z;52/Finance and Insurance;UK;Ltd;1;USD 21300583;Type583;borrower
2021-06-17T12:00:00Z;52/Finance and Insurance;UK;Ltd;1;USD 21300584;Type584;borrower
2021-06-18T12:00:00Z;52/Finance and Insurance;UK;Ltd;1;USD 21300585;Type585;borrower
2021-06-19T12:00:00Z;52/Finance and Insurance;UK;Ltd;1;USD 21300586;Type586;borrower
2021-06-20T12:00:00Z;52/Finance and Insurance;UK;Ltd;1;USD 21300587;Type587;borrower
2021-06-21T12:00:00Z;52/Finance and Insurance;UK;Ltd;1;USD 21300588;Type588;borrower
2021-06-22T12:00:00Z;52/Finance and Insurance;UK;Ltd;1;USD 21300589;Type589;borrower
2021-06-23T12:00:00Z;52/Finance and Insurance;UK;Ltd;1;USD 21300590;Type590;borrower
2021-06-24T12:00:00Z;52/Finance and Insurance;UK;Ltd;1;USD 21300591;Type591;borrower
2021-06-25T12:00:00Z;52/Finance and Insurance;UK;Ltd;1;USD 21300592;Type592;borrower
2021-06-26T12:00:00Z;52/Finance and Insurance;UK;Ltd;1;USD 21300593;Type593;borrower
2021-06-27T12:00:00Z;52/Finance and Insurance;UK;Ltd;1;USD 21300594;Type594;borrower
2021-06-28T12:00:00Z;52/Finance and Insurance;UK;Ltd;1;USD 21300595;Type595;borrower
2021-06-29T12:00:00Z;52/Finance and Insurance;UK;Ltd;1;USD 21300596;Type596;borrower
2021-06-30T12:00:00Z;52/Finance and Insurance;UK;Ltd;1;USD 21300597;Type597;borrower
2021-07-01T12:00:00Z;52/Finance and Insurance;UK;Ltd;1;USD 21300598;Type598;borrower
2021-07-02T12:00:00Z;52/Finance and Insurance;UK;Ltd;1;USD 21300599;Type599;borrower
2021-07-03T12:00:00Z;52/Finance and Insurance;UK;Ltd;1;USD 21300600;Type600;borrower
2021-07-04T12:00:00Z;52/Finance and Insurance;UK;Ltd;1;USD 21300601;Type601;borrower
2021-07-05T12:00:00Z;52/Finance and Insurance;UK;Ltd;1;USD 21300602;Type602;borrower
2021-07-06T12:00:00Z;52/Finance and Insurance;UK;Ltd;1;USD 21300603;Type603;borrower
2021-07-07T12:00:00Z;52/Finance and Insurance;UK;Ltd;1;USD 21300604;Type604;borrower
2021-07-08T12:00:00Z;52/Finance and Insurance;UK;Ltd;1;USD 21300605;Type605;borrower
2021-07-09T12:00:00Z;52/Finance and Insurance;UK;Ltd;1;USD 21300606;Type606;borrower
2021-07-10T12:00:00Z;52/Finance and Insurance;UK;Ltd;1;USD 21300607;Type607;borrower
2021-07-11T12:00:00Z;52/Finance and Insurance;UK;Ltd;1;USD 21300608;Type608;borrower
2021-07-12T12:00:00Z;52/Finance and Insurance;UK;Ltd;1;USD 21300609;Type609;borrower
2021-07-13T12:00:00Z;52/Finance and Insurance;UK;Ltd;1;USD 21300610;Type610;borrower
2021-07-14T12:00:00Z;52/Finance and Insurance;UK;Ltd;1;USD 21300611;Type611;borrower
2021-07-15T12:00:00Z;52/Finance and Insurance;UK;Ltd;1;USD 21300612;Type612;borrower
2021-07-16T12:00:00Z;52/Finance and Insurance;UK;Ltd;1;USD 21300613;Type613;borrower
2021-07-17T12:00:00Z;52/Finance and Insurance;UK;Ltd;1;USD 21300614;Type614;borrower
2021-07-18T12:00:00Z;52/Finance and Insurance;UK;Ltd;1;USD 21300615;Type615;borrower
2021-07-19T12:00:00Z;52/Finance and Insurance;UK;Ltd;1;USD 21300616;Type616;borrower
2021-07-20T12:00:00Z;52/Finance and Insurance;UK;Ltd;1;USD 21300617;Type617;borrower
2021-07-21T12:00:00Z;52/Finance and Insurance;UK;Ltd;1;USD 21300618;Type618;borrower
2021-07-22T12:00:00Z;52/Finance and Insurance;UK;Ltd;1;USD 21300619;Type619;borrower
2021-07-23T12:00:00Z;52/Finance and Insurance;UK;Ltd;1;USD 21300620;Type620;borrower
2021-07-24T12:00:00Z;52/Finance and Insurance;UK;Ltd;1;USD 21300621;Type621;borrower
2021-07-25T12:00:00Z;52/Finance and Insurance;UK;Ltd;1;USD 21300622;Type622;borrower
2021-07-26T12:00:00Z;52/Finance and Insurance;UK;Ltd;1;USD 21300623;Type623;borrower
2021-07-27T12:00:00Z;52/Finance and Insurance;UK;Ltd;1;USD 21300624;Type624;borrower
2021-07-28T12:00:00Z;52/Finance and Insurance;UK;Ltd;1;USD 21300625;Type625;borrower
2021-07-29T12:00:00Z;52/Finance and Insurance;UK;Ltd;1;USD 21300626;Type626;borrower
2021-07-30T12:00:00Z;52/Finance and Insurance;UK;Ltd;1;USD 21300627;Type627;borrower
2021-07-31T12:00:00Z;52/Finance and Insurance;UK;Ltd;1;USD 21300628;Type628;borrower
2021-08-01T12:00:00Z;52/Finance and Insurance;UK;Ltd;1;USD 21300629;Type629;borrower
2021-08-02T12:00:00Z;52/Finance and Insurance;UK;Ltd;1;USD 21300630;Type630;borrower
2021-08-03T12:00:00Z;52/Finance and Insurance;UK;Ltd;1;USD 21300631;Type631;borrower
2021-08-04T12:00:00Z;52/Finance and Insurance;UK;Ltd;1;USD 21300632;Type632;borrower
2021-08-05T12:00:00Z;52/Finance and Insurance;UK;Ltd;1;USD 21300633;Type633;borrower
2021-08-06T12:00:00Z;52/Finance and Insurance;UK;Ltd;1;USD 21300634;Type634;borrower
2021-08-07T12:00:00Z;52/Finance and Insurance;UK;Ltd;1;USD 21300635;Type635;borrower
2021-08-08T12:00:00Z;52/Finance and Insurance;UK;Ltd;1;USD 21300636;Type636;borrower
2021-08-09T12:00:00Z;52/Finance and Insurance;UK;Ltd;1;USD 21300637;Type637;borrower
2021-08-10T12:00:00Z;52/Finance and Insurance;UK;Ltd;1;USD 21300638;Type638;borrower
2021-08-11T12:00:00Z;52/Finance and Insurance;UK;Ltd;1;USD 21300639;Type639;borrower
2021-08-12T12:00:00Z;52/Finance and Insurance;UK;Ltd;1;USD 21300640;Type640;borrower
2021-08-13T12:00:00Z;52/Finance and Insurance;UK;Ltd;1;USD 21300641;Type641;borrower
2021-08-14T12:00:00Z;52/Finance and Insurance;UK;Ltd;1;USD 21300642;Type642;borrower
2021-08-15T12:00:00Z;52/Finance and Insurance;UK;Ltd;1;USD 21300643;Type643;borrower
2021-08-16T12:00:00Z;52/Finance and Insurance;UK;Ltd;1;USD 21300644;Type644;borrower
2021-08-17T12:00:00Z;52/Finance and Insurance;UK;Ltd;1;USD 21300645;Type645;borrower
2021-08-18T12:00:00Z;52/Finance and Insurance;UK;Ltd;1;USD 21300646;Type646;borrower
2021-08-19T12:00:00Z;52/Finance and Insurance;UK;Ltd;1;USD 21300647;Type647;borrower
2021-08-20T12:00:00Z;52/Finance and Insurance;UK;Ltd;1;USD 21300648;Type648;borrower
2021-08-21T12:00:00Z;52/Finance and Insurance;UK;Ltd;1;USD 21300649;Type649;borrower
2021-08-22T12:00:00Z;52/Finance and Insurance;UK;Ltd;1;USD 21300650;Type650;borrower
2021-08-23T12:00:00Z;52/Finance and Insurance;UK;Ltd;1;USD 21300651;Type651;borrower
2021-08-24T12:00:00Z;52/Finance and Insurance;UK;Ltd;1;USD 21300652;Type652;borrower
2021-08-25T12:00:00Z;52/Finance and Insurance;UK;Ltd;1;USD 21300653;Type653;borrower
2021-08-26T12:00:00Z;52/Finance and Insurance;UK;Ltd;1;USD 21300654;Type654;borrower
2021-08-27T12:00:00Z;52/Finance and Insurance;UK;Ltd;1;USD 21300655;Type655;borrower
2021-08-28T12:00:00Z;52/Finance and Insurance;UK;Ltd;1;USD 21300656;Type656;borrower
2021-08-29T12:00:00Z;52/Finance and Insurance;UK;Ltd;1;USD 21300657;Type657;borrower
2021-08-30T12:00:00Z;52/Finance and Insurance;UK;Ltd;1;USD 21300658;Type658;borrower
2021-08-31T12:00:00Z;52/Finance and Insurance;UK;Ltd;1;USD 21300659;Type659;borrower
2021-09-01T12:00:00Z;52/Finance and Insurance;UK;Ltd;1;USD 21300660;Type660;borrower
2021-09-02T12:00:00Z;52/Finance and Insurance;UK;Ltd;1;USD 21300661;Type661;borrower
2021-09-03T12:00:00Z;52/Finance and Insurance;UK;Ltd;1;USD 21300662;Type662;borrower
2021-09-04T12:00:00Z;52/Finance and Insurance;UK;Ltd;1;USD 21300663;Type663;borrower
2021-09-05T12:00:00Z;52/Finance and Insurance;UK;Ltd;1;USD 21300664;Type664;borrower
2021-09-06T12:00:00Z;52/Finance and Insurance;UK;Ltd;1;USD 21300665;Type665;borrower
2021-09-07T12:00:00Z;52/Finance and Insurance;UK;Ltd;1;USD 21300666;Type666;borrower
2021-09-08T12:00:00Z;52/Finance and Insurance;UK;Ltd;1;USD 21300667;Type667;borrower
2021-09-09T12:00:00Z;52/Finance and Insurance;UK;Ltd;1;USD 21300668;Type668;borrower
2021-09-10T12:00:00Z;52/Finance and Insurance;UK;Ltd;1;USD 21300669;Type669;borrower
2021-09-11T12:00:00Z;52/Finance and Insurance;UK;Ltd;1;USD 21300670;Type670;borrower
2021-09-12T12:00:00Z;52/Finance and Insurance;UK;Ltd;1;USD 21300671;Type671;borrower
2021-09-13T12:00:00Z;52/Finance and Insurance;UK;Ltd;1;USD 21300672;Type672;borrower
2021-09-14T12:00:00Z;52/Finance and Insurance;UK;Ltd;1;USD 21300673;Type673;borrower
2021-09-15T12:00:00Z;52/Finance and Insurance;UK;Ltd;1;USD 21300674;Type674;borrower
2021-09-16T12:00:00Z;52/Finance and Insurance;UK;Ltd;1;USD 21300675;Type675;borrower
2021-09-17T12:00:00Z;52/Finance and Insurance;UK;Ltd;1;USD 21300676;Type676;borrower
2021-09-18T12:00:00Z;52/Finance and Insurance;UK;Ltd;1;USD 21300677;Type677;borrower
2021-09-19T12:00:00Z;52/Finance and Insurance;UK;Ltd;1;USD 21300678;Type678;borrower
2021-09-20T12:00:00Z;52/Finance and Insurance;UK;Ltd;1;USD 21300679;Type679;borrower
2021-09-21T12:00:00Z;52/Finance and Insurance;UK;Ltd;1;USD 21300680;Type680;borrower
2021-09-22T12:00:00Z;52/Finance and Insurance;UK;Ltd;1;USD 21300681;Type681;borrower
2021-09-23T12:00:00Z;52/Finance and Insurance;UK;Ltd;1;USD 21300682;Type682;borrower
2021-09-24T12:00:00Z;52/Finance and Insurance;UK;Ltd;1;USD 21300683;Type683;borrower
2021-09-25T12:00:00Z;52/Finance and Insurance;UK;Ltd;1;USD 21300684;Type684;borrower
2021-09-26T12:00:00Z;52/Finance and Insurance;UK;Ltd;1;USD 21300685;Type685;borrower
2021-09-27T12:00:00Z;52/Finance and Insurance;UK;Ltd;1;USD 21300686;Type686;borrower
2021-09-28T12:00:00Z;52/Finance and Insurance;UK;Ltd;1;USD 21300687;Type687;borrower
2021-09-29T12:00:00Z;52/Finance and Insurance;UK;Ltd;1;USD 21300688;Type688;borrower
2021-09-30T12:00:00Z;52/Finance and Insurance;UK;Ltd;1;USD 21300689;Type689;borrower
2021-10-01T12:00:00Z;52/Finance and Insurance;UK;Ltd;1;USD 21300690;Type690;borrower
2021-10-02T12:00:00Z;52/Finance and Insurance;UK;Ltd;1;USD 21300691;Type691;borrower
2021-10-03T12:00:00Z;52/Finance and Insurance;UK;Ltd;1;USD 21300692;Type692;borrower
2021-10-04T12:00:00Z;52/Finance and Insurance;UK;Ltd;1;USD 21300693;Type693;borrower
2021-10-05T12:00:00Z;52/Finance and Insurance;UK;Ltd;1;USD 21300694;Type694;borrower
2021-10-06T12:00:00Z;52/Finance and Insurance;UK;Ltd;1;USD 21300695;Type695;borrower
2021-10-07T12:00:00Z;52/Finance and Insurance;UK;Ltd;1;USD 21300696;Type696;borrower
2021-10-08T12:00:00Z;52/Finance and Insurance;UK;Ltd;1;USD 21300697;Type697;borrower
2021-10-09T12:00:00Z;52/Finance and Insurance;UK;Ltd;1;USD 21300698;Type698;borrower
2021-10-10T12:00:00Z;52/Finance and Insurance;UK;Ltd;1;USD 21300699;Type699;borrower
2021-10-11T12:00:00Z;52/Finance and Insurance;UK;Ltd;1;USD 21300700;Type700;borrower
2021-10-12T12:00:00Z;52/Finance and Insurance;UK;Ltd;1;USD 21300701;Type701;borrower
2021-10-13T12:00:00Z;52/Finance and Insurance;UK;Ltd;1;USD 21300702;Type702;borrower
2021-10-14T12:00:00Z;52/Finance and Insurance;UK;Ltd;1;USD 21300703;Type703;borrower
2021-10-15T12:00:00Z;52/Finance and Insurance;UK;Ltd;1;USD 21300704;Type704;borrower
2021-10-16T12:00:00Z;52/Finance and Insurance;UK;Ltd;1;USD 21300705;Type705;borrower
2021-10-17T12:00:00Z;52/Finance and Insurance;UK;Ltd;1;USD 21300706;Type706;borrower
2021-10-18T12:00:00Z;52/Finance and Insurance;UK;Ltd;1;USD 21300707;Type707;borrower
2021-10-19T12:00:00Z;52/Finance and Insurance;UK;Ltd;1;USD 21300708;Type708;borrower
2021-10-20T12:00:00Z;52/Finance and Insurance;UK;Ltd;1;USD 21300709;Type709;borrower
2021-10-21T12:00:00Z;52/Finance and Insurance;UK;Ltd;1;USD 21300710;Type710;borrower
2021-10-22T12:00:00Z;52/Finance and Insurance;UK;Ltd;1;USD 21300711;Type711;borrower
2021-10-23T12:00:00Z;52/Finance and Insurance;UK;Ltd;1;USD 21300712;Type712;borrower
2021-10-24T12:00:00Z;52/Finance and Insurance;UK;Ltd;1;USD 21300713;Type713;borrower
2021-10-25T12:00:00Z;52/Finance and Insurance;UK;Ltd;1;USD 21300714;Type714;borrower
2021-10-26T12:00:00Z;52/Finance and Insurance;UK;Ltd;1;USD 21300715;Type715;borrower
2021-10-27T12:00:00Z;52/Finance and Insurance;UK;Ltd;1;USD 21300716;Type716;borrower
2021-10-28T12:00:00Z;52/Finance and Insurance;UK;Ltd;1;USD 21300717;Type717;borrower
2021-10-29T12:00:00Z;52/Finance and Insurance;UK;Ltd;1;USD 21300718;Type718;borrower
2021-10-30T12:00:00Z;52/Finance and Insurance;UK;Ltd;1;USD 21300719;Type719;borrower
2021-10-31T12:00:00Z;52/Finance and Insurance;UK;Ltd;1;USD 21300720;Type720;borrower
