2019-11-12T12:00:00Z;N/A;not listed1;0;No
2019-11-13T12:00:00Z;N/A;not listed2;0;No
2019-11-14T12:00:00Z;N/A;not listed3;0;No
2019-11-15T12:00:00Z;N/A;not listed4;0;No
2019-11-16T12:00:00Z;N/A;not listed5;0;No
2019-11-17T12:00:00Z;N/A;not listed6;0;No
2019-11-18T12:00:00Z;N/A;not listed7;0;No
2019-11-19T12:00:00Z;N/A;not listed8;0;No
2019-11-20T12:00:00Z;N/A;not listed9;0;No
2019-11-21T12:00:00Z;N/A;not listed10;0;No
2019-11-22T12:00:00Z;N/A;not listed11;0;No
2019-11-23T12:00:00Z;N/A;not listed12;0;No
2019-11-24T12:00:00Z;N/A;not listed13;0;No
2019-11-25T12:00:00Z;N/A;not listed14;0;No
2019-11-26T12:00:00Z;N/A;not listed15;0;No
2019-11-27T12:00:00Z;N/A;not listed16;0;No
2019-11-28T12:00:00Z;N/A;not listed17;0;No
2019-11-29T12:00:00Z;N/A;not listed18;0;No
2019-11-30T12:00:00Z;N/A;not listed19;0;No
2019-12-01T12:00:00Z;N/A;not listed20;0;No
2019-12-02T12:00:00Z;N/A;not listed21;0;No
2019-12-03T12:00:00Z;N/A;not listed22;0;No
2019-12-04T12:00:00Z;N/A;not listed23;0;No
2019-12-05T12:00:00Z;N/A;not listed24;0;No
2019-12-06T12:00:00Z;N/A;not listed25;0;No
2019-12-07T12:00:00Z;N/A;not listed26;0;No
2019-12-08T12:00:00Z;N/A;not listed27;0;No
2019-12-09T12:00:00Z;N/A;not listed28;0;No
2019-12-10T12:00:00Z;N/A;not listed29;0;No
2019-12-11T12:00:00Z;N/A;not listed30;0;No
2019-12-12T12:00:00Z;N/A;not listed31;0;No
2019-12-13T12:00:00Z;N/A;not listed32;0;No
2019-12-14T12:00:00Z;N/A;not listed33;0;No
2019-12-15T12:00:00Z;N/A;not listed34;0;No
2019-12-16T12:00:00Z;N/A;not listed35;0;No
2019-12-17T12:00:00Z;N/A;not listed36;0;No
2019-12-18T12:00:00Z;N/A;not listed37;0;No
2019-12-19T12:00:00Z;N/A;not listed38;0;No
2019-12-20T12:00:00Z;N/A;not listed39;0;No
2019-12-21T12:00:00Z;N/A;not listed40;0;No
2019-12-22T12:00:00Z;N/A;not listed41;0;No
2019-12-23T12:00:00Z;N/A;not listed42;0;No
2019-12-24T12:00:00Z;N/A;not listed43;0;No
2019-12-25T12:00:00Z;N/A;not listed44;0;No
2019-12-26T12:00:00Z;N/A;not listed45;0;No
2019-12-27T12:00:00Z;N/A;not listed46;0;No
2019-12-28T12:00:00Z;N/A;not listed47;0;No
2019-12-29T12:00:00Z;N/A;not listed48;0;No
2019-12-30T12:00:00Z;N/A;not listed49;0;No
2019-12-31T12:00:00Z;N/A;not listed50;0;No
2020-01-01T12:00:00Z;N/A;not listed51;0;No
2020-01-02T12:00:00Z;N/A;not listed52;0;No
2020-01-03T12:00:00Z;N/A;not listed53;0;No
2020-01-04T12:00:00Z;N/A;not listed54;0;No
2020-01-05T12:00:00Z;N/A;not listed55;0;No
2020-01-06T12:00:00Z;N/A;not listed56;0;No
2020-01-07T12:00:00Z;N/A;not listed57;0;No
2020-01-08T12:00:00Z;N/A;not listed58;0;No
2020-01-09T12:00:00Z;N/A;not listed59;0;No
2020-01-10T12:00:00Z;N/A;not listed60;0;No
2020-01-11T12:00:00Z;N/A;not listed61;0;No
2020-01-12T12:00:00Z;N/A;not listed62;0;No
2020-01-13T12:00:00Z;N/A;not listed63;0;No
2020-01-14T12:00:00Z;N/A;not listed64;0;No
2020-01-15T12:00:00Z;N/A;not listed65;0;No
2020-01-16T12:00:00Z;N/A;not listed66;0;No
2020-01-17T12:00:00Z;N/A;not listed67;0;No
2020-01-18T12:00:00Z;N/A;not listed68;0;No
2020-01-19T12:00:00Z;N/A;not listed69;0;No
2020-01-20T12:00:00Z;N/A;not listed70;0;No
2020-01-21T12:00:00Z;N/A;not listed71;0;No
2020-01-22T12:00:00Z;N/A;not listed72;0;No
2020-01-23T12:00:00Z;N/A;not listed73;0;No
2020-01-24T12:00:00Z;N/A;not listed74;0;No
2020-01-25T12:00:00Z;N/A;not listed75;0;No
2020-01-26T12:00:00Z;N/A;not listed76;0;No
2020-01-27T12:00:00Z;N/A;not listed77;0;No
2020-01-28T12:00:00Z;N/A;not listed78;0;No
2020-01-29T12:00:00Z;N/A;not listed79;0;No
2020-01-30T12:00:00Z;N/A;not listed80;0;No
2020-01-31T12:00:00Z;N/A;not listed81;0;No
2020-02-01T12:00:00Z;N/A;not listed82;0;No
2020-02-02T12:00:00Z;N/A;not listed83;0;No
2020-02-03T12:00:00Z;N/A;not listed84;0;No
2020-02-04T12:00:00Z;N/A;not listed85;0;No
2020-02-05T12:00:00Z;N/A;not listed86;0;No
2020-02-06T12:00:00Z;N/A;not listed87;0;No
2020-02-07T12:00:00Z;N/A;not listed88;0;No
2020-02-08T12:00:00Z;N/A;not listed89;0;No
2020-02-09T12:00:00Z;N/A;not listed90;0;No
2020-02-10T12:00:00Z;N/A;not listed91;0;No
2020-02-11T12:00:00Z;N/A;not listed92;0;No
2020-02-12T12:00:00Z;N/A;not listed93;0;No
2020-02-13T12:00:00Z;N/A;not listed94;0;No
2020-02-14T12:00:00Z;N/A;not listed95;0;No
2020-02-15T12:00:00Z;N/A;not listed96;0;No
2020-02-16T12:00:00Z;N/A;not listed97;0;No
2020-02-17T12:00:00Z;N/A;not listed98;0;No
2020-02-18T12:00:00Z;N/A;not listed99;0;No
2020-02-19T12:00:00Z;N/A;not listed100;0;No
2020-02-20T12:00:00Z;N/A;not listed101;0;No
2020-02-21T12:00:00Z;N/A;not listed102;0;No
2020-02-22T12:00:00Z;N/A;not listed103;0;No
2020-02-23T12:00:00Z;N/A;not listed104;0;No
2020-02-24T12:00:00Z;N/A;not listed105;0;No
2020-02-25T12:00:00Z;N/A;not listed106;0;No
2020-02-26T12:00:00Z;N/A;not listed107;0;No
2020-02-27T12:00:00Z;N/A;not listed108;0;No
2020-02-28T12:00:00Z;N/A;not listed109;0;No
2020-02-29T12:00:00Z;N/A;not listed110;0;No
2020-03-01T12:00:00Z;N/A;not listed111;0;No
2020-03-02T12:00:00Z;N/A;not listed112;0;No
2020-03-03T12:00:00Z;N/A;not listed113;0;No
2020-03-04T12:00:00Z;N/A;not listed114;0;No
2020-03-05T12:00:00Z;N/A;not listed115;0;No
2020-03-06T12:00:00Z;N/A;not listed116;0;No
2020-03-07T12:00:00Z;N/A;not listed117;0;No
2020-03-08T12:00:00Z;N/A;not listed118;0;No
2020-03-09T12:00:00Z;N/A;not listed119;0;No
2020-03-10T12:00:00Z;N/A;not listed120;0;No
2020-03-11T12:00:00Z;N/A;not listed121;0;No
2020-03-12T12:00:00Z;N/A;not listed122;0;No
2020-03-13T12:00:00Z;N/A;not listed123;0;No
2020-03-14T12:00:00Z;N/A;not listed124;0;No
2020-03-15T12:00:00Z;N/A;not listed125;0;No
2020-03-16T12:00:00Z;N/A;not listed126;0;No
2020-03-17T12:00:00Z;N/A;not listed127;0;No
2020-03-18T12:00:00Z;N/A;not listed128;0;No
2020-03-19T12:00:00Z;N/A;not listed129;0;No
2020-03-20T12:00:00Z;N/A;not listed130;0;No
2020-03-21T12:00:00Z;N/A;not listed131;0;No
2020-03-22T12:00:00Z;N/A;not listed132;0;No
2020-03-23T12:00:00Z;N/A;not listed133;0;No
2020-03-24T12:00:00Z;N/A;not listed134;0;No
2020-03-25T12:00:00Z;N/A;not listed135;0;No
2020-03-26T12:00:00Z;N/A;not listed136;0;No
2020-03-27T12:00:00Z;N/A;not listed137;0;No
2020-03-28T12:00:00Z;N/A;not listed138;0;No
2020-03-29T12:00:00Z;N/A;not listed139;0;No
2020-03-30T12:00:00Z;N/A;not listed140;0;No
2020-03-31T12:00:00Z;N/A;not listed141;0;No
2020-04-01T12:00:00Z;N/A;not listed142;0;No
2020-04-02T12:00:00Z;N/A;not listed143;0;No
2020-04-03T12:00:00Z;N/A;not listed144;0;No
2020-04-04T12:00:00Z;N/A;not listed145;0;No
2020-04-05T12:00:00Z;N/A;not listed146;0;No
2020-04-06T12:00:00Z;N/A;not listed147;0;No
2020-04-07T12:00:00Z;N/A;not listed148;0;No
2020-04-08T12:00:00Z;N/A;not listed149;0;No
2020-04-09T12:00:00Z;N/A;not listed150;0;No
2020-04-10T12:00:00Z;N/A;not listed151;0;No
2020-04-11T12:00:00Z;N/A;not listed152;0;No
2020-04-12T12:00:00Z;N/A;not listed153;0;No
2020-04-13T12:00:00Z;N/A;not listed154;0;No
2020-04-14T12:00:00Z;N/A;not listed155;0;No
2020-04-15T12:00:00Z;N/A;not listed156;0;No
2020-04-16T12:00:00Z;N/A;not listed157;0;No
2020-04-17T12:00:00Z;N/A;not listed158;0;No
2020-04-18T12:00:00Z;N/A;not listed159;0;No
2020-04-19T12:00:00Z;N/A;not listed160;0;No
2020-04-20T12:00:00Z;N/A;not listed161;0;No
2020-04-21T12:00:00Z;N/A;not listed162;0;No
2020-04-22T12:00:00Z;N/A;not listed163;0;No
2020-04-23T12:00:00Z;N/A;not listed164;0;No
2020-04-24T12:00:00Z;N/A;not listed165;0;No
2020-04-25T12:00:00Z;N/A;not listed166;0;No
2020-04-26T12:00:00Z;N/A;not listed167;0;No
2020-04-27T12:00:00Z;N/A;not listed168;0;No
2020-04-28T12:00:00Z;N/A;not listed169;0;No
2020-04-29T12:00:00Z;N/A;not listed170;0;No
2020-04-30T12:00:00Z;N/A;not listed171;0;No
2020-05-01T12:00:00Z;N/A;not listed172;0;No
2020-05-02T12:00:00Z;N/A;not listed173;0;No
2020-05-03T12:00:00Z;N/A;not listed174;0;No
2020-05-04T12:00:00Z;N/A;not listed175;0;No
2020-05-05T12:00:00Z;N/A;not listed176;0;No
2020-05-06T12:00:00Z;N/A;not listed177;0;No
2020-05-07T12:00:00Z;N/A;not listed178;0;No
2020-05-08T12:00:00Z;N/A;not listed179;0;No
2020-05-09T12:00:00Z;N/A;not listed180;0;No
2020-05-10T12:00:00Z;N/A;not listed181;0;No
2020-05-11T12:00:00Z;N/A;not listed182;0;No
2020-05-12T12:00:00Z;N/A;not listed183;0;No
2020-05-13T12:00:00Z;N/A;not listed184;0;No
2020-05-14T12:00:00Z;N/A;not listed185;0;No
2020-05-15T12:00:00Z;N/A;not listed186;0;No
2020-05-16T12:00:00Z;N/A;not listed187;0;No
2020-05-17T12:00:00Z;N/A;not listed188;0;No
2020-05-18T12:00:00Z;N/A;not listed189;0;No
2020-05-19T12:00:00Z;N/A;not listed190;0;No
2020-05-20T12:00:00Z;N/A;not listed191;0;No
2020-05-21T12:00:00Z;N/A;not listed192;0;No
2020-05-22T12:00:00Z;N/A;not listed193;0;No
2020-05-23T12:00:00Z;N/A;not listed194;0;No
2020-05-24T12:00:00Z;N/A;not listed195;0;No
2020-05-25T12:00:00Z;N/A;not listed196;0;No
2020-05-26T12:00:00Z;N/A;not listed197;0;No
2020-05-27T12:00:00Z;N/A;not listed198;0;No
2020-05-28T12:00:00Z;N/A;not listed199;0;No
2020-05-29T12:00:00Z;N/A;not listed200;0;No
2020-05-30T12:00:00Z;N/A;not listed201;0;No
2020-05-31T12:00:00Z;N/A;not listed202;0;No
2020-06-01T12:00:00Z;N/A;not listed203;0;No
2020-06-02T12:00:00Z;N/A;not listed204;0;No
2020-06-03T12:00:00Z;N/A;not listed205;0;No
2020-06-04T12:00:00Z;N/A;not listed206;0;No
2020-06-05T12:00:00Z;N/A;not listed207;0;No
2020-06-06T12:00:00Z;N/A;not listed208;0;No
2020-06-07T12:00:00Z;N/A;not listed209;0;No
2020-06-08T12:00:00Z;N/A;not listed210;0;No
2020-06-09T12:00:00Z;N/A;not listed211;0;No
2020-06-10T12:00:00Z;N/A;not listed212;0;No
2020-06-11T12:00:00Z;N/A;not listed213;0;No
2020-06-12T12:00:00Z;N/A;not listed214;0;No
2020-06-13T12:00:00Z;N/A;not listed215;0;No
2020-06-14T12:00:00Z;N/A;not listed216;0;No
2020-06-15T12:00:00Z;N/A;not listed217;0;No
2020-06-16T12:00:00Z;N/A;not listed218;0;No
2020-06-17T12:00:00Z;N/A;not listed219;0;No
2020-06-18T12:00:00Z;N/A;not listed220;0;No
2020-06-19T12:00:00Z;N/A;not listed221;0;No
2020-06-20T12:00:00Z;N/A;not listed222;0;No
2020-06-21T12:00:00Z;N/A;not listed223;0;No
2020-06-22T12:00:00Z;N/A;not listed224;0;No
2020-06-23T12:00:00Z;N/A;not listed225;0;No
2020-06-24T12:00:00Z;N/A;not listed226;0;No
2020-06-25T12:00:00Z;N/A;not listed227;0;No
2020-06-26T12:00:00Z;N/A;not listed228;0;No
2020-06-27T12:00:00Z;N/A;not listed229;0;No
2020-06-28T12:00:00Z;N/A;not listed230;0;No
2020-06-29T12:00:00Z;N/A;not listed231;0;No
2020-06-30T12:00:00Z;N/A;not listed232;0;No
2020-07-01T12:00:00Z;N/A;not listed233;0;No
2020-07-02T12:00:00Z;N/A;not listed234;0;No
2020-07-03T12:00:00Z;N/A;not listed235;0;No
2020-07-04T12:00:00Z;N/A;not listed236;0;No
2020-07-05T12:00:00Z;N/A;not listed237;0;No
2020-07-06T12:00:00Z;N/A;not listed238;0;No
2020-07-07T12:00:00Z;N/A;not listed239;0;No
2020-07-08T12:00:00Z;N/A;not listed240;0;No
2020-07-09T12:00:00Z;N/A;not listed241;0;No
2020-07-10T12:00:00Z;N/A;not listed242;0;No
2020-07-11T12:00:00Z;N/A;not listed243;0;No
2020-07-12T12:00:00Z;N/A;not listed244;0;No
2020-07-13T12:00:00Z;N/A;not listed245;0;No
2020-07-14T12:00:00Z;N/A;not listed246;0;No
2020-07-15T12:00:00Z;N/A;not listed247;0;No
2020-07-16T12:00:00Z;N/A;not listed248;0;No
2020-07-17T12:00:00Z;N/A;not listed249;0;No
2020-07-18T12:00:00Z;N/A;not listed250;0;No
2020-07-19T12:00:00Z;N/A;not listed251;0;No
2020-07-20T12:00:00Z;N/A;not listed252;0;No
2020-07-21T12:00:00Z;N/A;not listed253;0;No
2020-07-22T12:00:00Z;N/A;not listed254;0;No
2020-07-23T12:00:00Z;N/A;not listed255;0;No
2020-07-24T12:00:00Z;N/A;not listed256;0;No
2020-07-25T12:00:00Z;N/A;not listed257;0;No
2020-07-26T12:00:00Z;N/A;not listed258;0;No
2020-07-27T12:00:00Z;N/A;not listed259;0;No
2020-07-28T12:00:00Z;N/A;not listed260;0;No
2020-07-29T12:00:00Z;N/A;not listed261;0;No
2020-07-30T12:00:00Z;N/A;not listed262;0;No
2020-07-31T12:00:00Z;N/A;not listed263;0;No
2020-08-01T12:00:00Z;N/A;not listed264;0;No
2020-08-02T12:00:00Z;N/A;not listed265;0;No
2020-08-03T12:00:00Z;N/A;not listed266;0;No
2020-08-04T12:00:00Z;N/A;not listed267;0;No
2020-08-05T12:00:00Z;N/A;not listed268;0;No
2020-08-06T12:00:00Z;N/A;not listed269;0;No
2020-08-07T12:00:00Z;N/A;not listed270;0;No
2020-08-08T12:00:00Z;N/A;not listed271;0;No
2020-08-09T12:00:00Z;N/A;not listed272;0;No
2020-08-10T12:00:00Z;N/A;not listed273;0;No
2020-08-11T12:00:00Z;N/A;not listed274;0;No
2020-08-12T12:00:00Z;N/A;not listed275;0;No
2020-08-13T12:00:00Z;N/A;not listed276;0;No
2020-08-14T12:00:00Z;N/A;not listed277;0;No
2020-08-15T12:00:00Z;N/A;not listed278;0;No
2020-08-16T12:00:00Z;N/A;not listed279;0;No
2020-08-17T12:00:00Z;N/A;not listed280;0;No
2020-08-18T12:00:00Z;N/A;not listed281;0;No
2020-08-19T12:00:00Z;N/A;not listed282;0;No
2020-08-20T12:00:00Z;N/A;not listed283;0;No
2020-08-21T12:00:00Z;N/A;not listed284;0;No
2020-08-22T12:00:00Z;N/A;not listed285;0;No
2020-08-23T12:00:00Z;N/A;not listed286;0;No
2020-08-24T12:00:00Z;N/A;not listed287;0;No
2020-08-25T12:00:00Z;N/A;not listed288;0;No
2020-08-26T12:00:00Z;N/A;not listed289;0;No
2020-08-27T12:00:00Z;N/A;not listed290;0;No
2020-08-28T12:00:00Z;N/A;not listed291;0;No
2020-08-29T12:00:00Z;N/A;not listed292;0;No
2020-08-30T12:00:00Z;N/A;not listed293;0;No
2020-08-31T12:00:00Z;N/A;not listed294;0;No
2020-09-01T12:00:00Z;N/A;not listed295;0;No
2020-09-02T12:00:00Z;N/A;not listed296;0;No
2020-09-03T12:00:00Z;N/A;not listed297;0;No
2020-09-04T12:00:00Z;N/A;not listed298;0;No
2020-09-05T12:00:00Z;N/A;not listed299;0;No
2020-09-06T12:00:00Z;N/A;not listed300;0;No
2020-09-07T12:00:00Z;N/A;not listed301;0;No
2020-09-08T12:00:00Z;N/A;not listed302;0;No
2020-09-09T12:00:00Z;N/A;not listed303;0;No
2020-09-10T12:00:00Z;N/A;not listed304;0;No
2020-09-11T12:00:00Z;N/A;not listed305;0;No
2020-09-12T12:00:00Z;N/A;not listed306;0;No
2020-09-13T12:00:00Z;N/A;not listed307;0;No
2020-09-14T12:00:00Z;N/A;not listed308;0;No
2020-09-15T12:00:00Z;N/A;not listed309;0;No
2020-09-16T12:00:00Z;N/A;not listed310;0;No
2020-09-17T12:00:00Z;N/A;not listed311;0;No
2020-09-18T12:00:00Z;N/A;not listed312;0;No
2020-09-19T12:00:00Z;N/A;not listed313;0;No
2020-09-20T12:00:00Z;N/A;not listed314;0;No
2020-09-21T12:00:00Z;N/A;not listed315;0;No
2020-09-22T12:00:00Z;N/A;not listed316;0;No
2020-09-23T12:00:00Z;N/A;not listed317;0;No
2020-09-24T12:00:00Z;N/A;not listed318;0;No
2020-09-25T12:00:00Z;N/A;not listed319;0;No
2020-09-26T12:00:00Z;N/A;not listed320;0;No
2020-09-27T12:00:00Z;N/A;not listed321;0;No
2020-09-28T12:00:00Z;N/A;not listed322;0;No
2020-09-29T12:00:00Z;N/A;not listed323;0;No
2020-09-30T12:00:00Z;N/A;not listed324;0;No
2020-10-01T12:00:00Z;N/A;not listed325;0;No
2020-10-02T12:00:00Z;N/A;not listed326;0;No
2020-10-03T12:00:00Z;N/A;not listed327;0;No
2020-10-04T12:00:00Z;N/A;not listed328;0;No
2020-10-05T12:00:00Z;N/A;not listed329;0;No
2020-10-06T12:00:00Z;N/A;not listed330;0;No
2020-10-07T12:00:00Z;N/A;not listed331;0;No
2020-10-08T12:00:00Z;N/A;not listed332;0;No
2020-10-09T12:00:00Z;N/A;not listed333;0;No
2020-10-10T12:00:00Z;N/A;not listed334;0;No
2020-10-11T12:00:00Z;N/A;not listed335;0;No
2020-10-12T12:00:00Z;N/A;not listed336;0;No
2020-10-13T12:00:00Z;N/A;not listed337;0;No
2020-10-14T12:00:00Z;N/A;not listed338;0;No
2020-10-15T12:00:00Z;N/A;not listed339;0;No
2020-10-16T12:00:00Z;N/A;not listed340;0;No
2020-10-17T12:00:00Z;N/A;not listed341;0;No
2020-10-18T12:00:00Z;N/A;not listed342;0;No
2020-10-19T12:00:00Z;N/A;not listed343;0;No
2020-10-20T12:00:00Z;N/A;not listed344;0;No
2020-10-21T12:00:00Z;N/A;not listed345;0;No
2020-10-22T12:00:00Z;N/A;not listed346;0;No
2020-10-23T12:00:00Z;N/A;not listed347;0;No
2020-10-24T12:00:00Z;N/A;not listed348;0;No
2020-10-25T12:00:00Z;N/A;not listed349;0;No
2020-10-26T12:00:00Z;N/A;not listed350;0;No
2020-10-27T12:00:00Z;N/A;not listed351;0;No
2020-10-28T12:00:00Z;N/A;not listed352;0;No
2020-10-29T12:00:00Z;N/A;not listed353;0;No
2020-10-30T12:00:00Z;N/A;not listed354;0;No
2020-10-31T12:00:00Z;N/A;not listed355;0;No
2020-11-01T12:00:00Z;N/A;not listed356;0;No
2020-11-02T12:00:00Z;N/A;not listed357;0;No
2020-11-03T12:00:00Z;N/A;not listed358;0;No
2020-11-04T12:00:00Z;N/A;not listed359;0;No
2020-11-05T12:00:00Z;N/A;not listed360;0;No
2020-11-06T12:00:00Z;N/A;not listed361;0;No
2020-11-07T12:00:00Z;N/A;not listed362;0;No
2020-11-08T12:00:00Z;N/A;not listed363;0;No
2020-11-09T12:00:00Z;N/A;not listed364;0;No
2020-11-10T12:00:00Z;N/A;not listed365;0;No
2020-11-11T12:00:00Z;N/A;not listed366;0;No
2020-11-12T12:00:00Z;N/A;not listed367;0;No
2020-11-13T12:00:00Z;N/A;not listed368;0;No
2020-11-14T12:00:00Z;N/A;not listed369;0;No
2020-11-15T12:00:00Z;N/A;not listed370;0;No
2020-11-16T12:00:00Z;N/A;not listed371;0;No
2020-11-17T12:00:00Z;N/A;not listed372;0;No
2020-11-18T12:00:00Z;N/A;not listed373;0;No
2020-11-19T12:00:00Z;N/A;not listed374;0;No
2020-11-20T12:00:00Z;N/A;not listed375;0;No
2020-11-21T12:00:00Z;N/A;not listed376;0;No
2020-11-22T12:00:00Z;N/A;not listed377;0;No
2020-11-23T12:00:00Z;N/A;not listed378;0;No
2020-11-24T12:00:00Z;N/A;not listed379;0;No
2020-11-25T12:00:00Z;N/A;not listed380;0;No
2020-11-26T12:00:00Z;N/A;not listed381;0;No
2020-11-27T12:00:00Z;N/A;not listed382;0;No
2020-11-28T12:00:00Z;N/A;not listed383;0;No
2020-11-29T12:00:00Z;N/A;not listed384;0;No
2020-11-30T12:00:00Z;N/A;not listed385;0;No
2020-12-01T12:00:00Z;N/A;not listed386;0;No
2020-12-02T12:00:00Z;N/A;not listed387;0;No
2020-12-03T12:00:00Z;N/A;not listed388;0;No
2020-12-04T12:00:00Z;N/A;not listed389;0;No
2020-12-05T12:00:00Z;N/A;not listed390;0;No
2020-12-06T12:00:00Z;N/A;not listed391;0;No
2020-12-07T12:00:00Z;N/A;not listed392;0;No
2020-12-08T12:00:00Z;N/A;not listed393;0;No
2020-12-09T12:00:00Z;N/A;not listed394;0;No
2020-12-10T12:00:00Z;N/A;not listed395;0;No
2020-12-11T12:00:00Z;N/A;not listed396;0;No
2020-12-12T12:00:00Z;N/A;not listed397;0;No
2020-12-13T12:00:00Z;N/A;not listed398;0;No
2020-12-14T12:00:00Z;N/A;not listed399;0;No
2020-12-15T12:00:00Z;N/A;not listed400;0;No
2020-12-16T12:00:00Z;N/A;not listed401;0;No
2020-12-17T12:00:00Z;N/A;not listed402;0;No
2020-12-18T12:00:00Z;N/A;not listed403;0;No
2020-12-19T12:00:00Z;N/A;not listed404;0;No
2020-12-20T12:00:00Z;N/A;not listed405;0;No
2020-12-21T12:00:00Z;N/A;not listed406;0;No
2020-12-22T12:00:00Z;N/A;not listed407;0;No
2020-12-23T12:00:00Z;N/A;not listed408;0;No
2020-12-24T12:00:00Z;N/A;not listed409;0;No
2020-12-25T12:00:00Z;N/A;not listed410;0;No
2020-12-26T12:00:00Z;N/A;not listed411;0;No
2020-12-27T12:00:00Z;N/A;not listed412;0;No
2020-12-28T12:00:00Z;N/A;not listed413;0;No
2020-12-29T12:00:00Z;N/A;not listed414;0;No
2020-12-30T12:00:00Z;N/A;not listed415;0;No
2020-12-31T12:00:00Z;N/A;not listed416;0;No
2021-01-01T12:00:00Z;N/A;not listed417;0;No
2021-01-02T12:00:00Z;N/A;not listed418;0;No
2021-01-03T12:00:00Z;N/A;not listed419;0;No
2021-01-04T12:00:00Z;N/A;not listed420;0;No
2021-01-05T12:00:00Z;N/A;not listed421;0;No
2021-01-06T12:00:00Z;N/A;not listed422;0;No
2021-01-07T12:00:00Z;N/A;not listed423;0;No
2021-01-08T12:00:00Z;N/A;not listed424;0;No
2021-01-09T12:00:00Z;N/A;not listed425;0;No
2021-01-10T12:00:00Z;N/A;not listed426;0;No
2021-01-11T12:00:00Z;N/A;not listed427;0;No
2021-01-12T12:00:00Z;N/A;not listed428;0;No
2021-01-13T12:00:00Z;N/A;not listed429;0;No
2021-01-14T12:00:00Z;N/A;not listed430;0;No
2021-01-15T12:00:00Z;N/A;not listed431;0;No
2021-01-16T12:00:00Z;N/A;not listed432;0;No
2021-01-17T12:00:00Z;N/A;not listed433;0;No
2021-01-18T12:00:00Z;N/A;not listed434;0;No
2021-01-19T12:00:00Z;N/A;not listed435;0;No
2021-01-20T12:00:00Z;N/A;not listed436;0;No
2021-01-21T12:00:00Z;N/A;not listed437;0;No
2021-01-22T12:00:00Z;N/A;not listed438;0;No
2021-01-23T12:00:00Z;N/A;not listed439;0;No
2021-01-24T12:00:00Z;N/A;not listed440;0;No
2021-01-25T12:00:00Z;N/A;not listed441;0;No
2021-01-26T12:00:00Z;N/A;not listed442;0;No
2021-01-27T12:00:00Z;N/A;not listed443;0;No
2021-01-28T12:00:00Z;N/A;not listed444;0;No
2021-01-29T12:00:00Z;N/A;not listed445;0;No
2021-01-30T12:00:00Z;N/A;not listed446;0;No
2021-01-31T12:00:00Z;N/A;not listed447;0;No
2021-02-01T12:00:00Z;N/A;not listed448;0;No
2021-02-02T12:00:00Z;N/A;not listed449;0;No
2021-02-03T12:00:00Z;N/A;not listed450;0;No
2021-02-04T12:00:00Z;N/A;not listed451;0;No
2021-02-05T12:00:00Z;N/A;not listed452;0;No
2021-02-06T12:00:00Z;N/A;not listed453;0;No
2021-02-07T12:00:00Z;N/A;not listed454;0;No
2021-02-08T12:00:00Z;N/A;not listed455;0;No
2021-02-09T12:00:00Z;N/A;not listed456;0;No
2021-02-10T12:00:00Z;N/A;not listed457;0;No
2021-02-11T12:00:00Z;N/A;not listed458;0;No
2021-02-12T12:00:00Z;N/A;not listed459;0;No
2021-02-13T12:00:00Z;N/A;not listed460;0;No
2021-02-14T12:00:00Z;N/A;not listed461;0;No
2021-02-15T12:00:00Z;N/A;not listed462;0;No
2021-02-16T12:00:00Z;N/A;not listed463;0;No
2021-02-17T12:00:00Z;N/A;not listed464;0;No
2021-02-18T12:00:00Z;N/A;not listed465;0;No
2021-02-19T12:00:00Z;N/A;not listed466;0;No
2021-02-20T12:00:00Z;N/A;not listed467;0;No
2021-02-21T12:00:00Z;N/A;not listed468;0;No
2021-02-22T12:00:00Z;N/A;not listed469;0;No
2021-02-23T12:00:00Z;N/A;not listed470;0;No
2021-02-24T12:00:00Z;N/A;not listed471;0;No
2021-02-25T12:00:00Z;N/A;not listed472;0;No
2021-02-26T12:00:00Z;N/A;not listed473;0;No
2021-02-27T12:00:00Z;N/A;not listed474;0;No
2021-02-28T12:00:00Z;N/A;not listed475;0;No
2021-03-01T12:00:00Z;N/A;not listed476;0;No
2021-03-02T12:00:00Z;N/A;not listed477;0;No
2021-03-03T12:00:00Z;N/A;not listed478;0;No
2021-03-04T12:00:00Z;N/A;not listed479;0;No
2021-03-05T12:00:00Z;N/A;not listed480;0;No
2021-03-06T12:00:00Z;N/A;not listed481;0;No
2021-03-07T12:00:00Z;N/A;not listed482;0;No
2021-03-08T12:00:00Z;N/A;not listed483;0;No
2021-03-09T12:00:00Z;N/A;not listed484;0;No
2021-03-10T12:00:00Z;N/A;not listed485;0;No
2021-03-11T12:00:00Z;N/A;not listed486;0;No
2021-03-12T12:00:00Z;N/A;not listed487;0;No
2021-03-13T12:00:00Z;N/A;not listed488;0;No
2021-03-14T12:00:00Z;N/A;not listed489;0;No
2021-03-15T12:00:00Z;N/A;not listed490;0;No
2021-03-16T12:00:00Z;N/A;not listed491;0;No
2021-03-17T12:00:00Z;N/A;not listed492;0;No
2021-03-18T12:00:00Z;N/A;not listed493;0;No
2021-03-19T12:00:00Z;N/A;not listed494;0;No
2021-03-20T12:00:00Z;N/A;not listed495;0;No
2021-03-21T12:00:00Z;N/A;not listed496;0;No
2021-03-22T12:00:00Z;N/A;not listed497;0;No
2021-03-23T12:00:00Z;N/A;not listed498;0;No
2021-03-24T12:00:00Z;N/A;not listed499;0;No
2021-03-25T12:00:00Z;N/A;not listed500;0;No
2021-03-26T12:00:00Z;N/A;not listed501;0;No
2021-03-27T12:00:00Z;N/A;not listed502;0;No
2021-03-28T12:00:00Z;N/A;not listed503;0;No
2021-03-29T12:00:00Z;N/A;not listed504;0;No
2021-03-30T12:00:00Z;N/A;not listed505;0;No
2021-03-31T12:00:00Z;N/A;not listed506;0;No
2021-04-01T12:00:00Z;N/A;not listed507;0;No
2021-04-02T12:00:00Z;N/A;not listed508;0;No
2021-04-03T12:00:00Z;N/A;not listed509;0;No
2021-04-04T12:00:00Z;N/A;not listed510;0;No
2021-04-05T12:00:00Z;N/A;not listed511;0;No
2021-04-06T12:00:00Z;N/A;not listed512;0;No
2021-04-07T12:00:00Z;N/A;not listed513;0;No
2021-04-08T12:00:00Z;N/A;not listed514;0;No
2021-04-09T12:00:00Z;N/A;not listed515;0;No
2021-04-10T12:00:00Z;N/A;not listed516;0;No
2021-04-11T12:00:00Z;N/A;not listed517;0;No
2021-04-12T12:00:00Z;N/A;not listed518;0;No
2021-04-13T12:00:00Z;N/A;not listed519;0;No
2021-04-14T12:00:00Z;N/A;not listed520;0;No
2021-04-15T12:00:00Z;N/A;not listed521;0;No
2021-04-16T12:00:00Z;N/A;not listed522;0;No
2021-04-17T12:00:00Z;N/A;not listed523;0;No
2021-04-18T12:00:00Z;N/A;not listed524;0;No
2021-04-19T12:00:00Z;N/A;not listed525;0;No
2021-04-20T12:00:00Z;N/A;not listed526;0;No
2021-04-21T12:00:00Z;N/A;not listed527;0;No
2021-04-22T12:00:00Z;N/A;not listed528;0;No
2021-04-23T12:00:00Z;N/A;not listed529;0;No
2021-04-24T12:00:00Z;N/A;not listed530;0;No
2021-04-25T12:00:00Z;N/A;not listed531;0;No
2021-04-26T12:00:00Z;N/A;not listed532;0;No
2021-04-27T12:00:00Z;N/A;not listed533;0;No
2021-04-28T12:00:00Z;N/A;not listed534;0;No
2021-04-29T12:00:00Z;N/A;not listed535;0;No
2021-04-30T12:00:00Z;N/A;not listed536;0;No
2021-05-01T12:00:00Z;N/A;not listed537;0;No
2021-05-02T12:00:00Z;N/A;not listed538;0;No
2021-05-03T12:00:00Z;N/A;not listed539;0;No
2021-05-04T12:00:00Z;N/A;not listed540;0;No
2021-05-05T12:00:00Z;N/A;not listed541;0;No
2021-05-06T12:00:00Z;N/A;not listed542;0;No
2021-05-07T12:00:00Z;N/A;not listed543;0;No
2021-05-08T12:00:00Z;N/A;not listed544;0;No
2021-05-09T12:00:00Z;N/A;not listed545;0;No
2021-05-10T12:00:00Z;N/A;not listed546;0;No
2021-05-11T12:00:00Z;N/A;not listed547;0;No
2021-05-12T12:00:00Z;N/A;not listed548;0;No
2021-05-13T12:00:00Z;N/A;not listed549;0;No
2021-05-14T12:00:00Z;N/A;not listed550;0;No
2021-05-15T12:00:00Z;N/A;not listed551;0;No
2021-05-16T12:00:00Z;N/A;not listed552;0;No
2021-05-17T12:00:00Z;N/A;not listed553;0;No
2021-05-18T12:00:00Z;N/A;not listed554;0;No
2021-05-19T12:00:00Z;N/A;not listed555;0;No
2021-05-20T12:00:00Z;N/A;not listed556;0;No
2021-05-21T12:00:00Z;N/A;not listed557;0;No
2021-05-22T12:00:00Z;N/A;not listed558;0;No
2021-05-23T12:00:00Z;N/A;not listed559;0;No
2021-05-24T12:00:00Z;N/A;not listed560;0;No
2021-05-25T12:00:00Z;N/A;not listed561;0;No
2021-05-26T12:00:00Z;N/A;not listed562;0;No
2021-05-27T12:00:00Z;N/A;not listed563;0;No
2021-05-28T12:00:00Z;N/A;not listed564;0;No
2021-05-29T12:00:00Z;N/A;not listed565;0;No
2021-05-30T12:00:00Z;N/A;not listed566;0;No
2021-05-31T12:00:00Z;N/A;not listed567;0;No
2021-06-01T12:00:00Z;N/A;not listed568;0;No
2021-06-02T12:00:00Z;N/A;not listed569;0;No
2021-06-03T12:00:00Z;N/A;not listed570;0;No
2021-06-04T12:00:00Z;N/A;not listed571;0;No
2021-06-05T12:00:00Z;N/A;not listed572;0;No
2021-06-06T12:00:00Z;N/A;not listed573;0;No
2021-06-07T12:00:00Z;N/A;not listed574;0;No
2021-06-08T12:00:00Z;N/A;not listed575;0;No
2021-06-09T12:00:00Z;N/A;not listed576;0;No
2021-06-10T12:00:00Z;N/A;not listed577;0;No
2021-06-11T12:00:00Z;N/A;not listed578;0;No
2021-06-12T12:00:00Z;N/A;not listed579;0;No
2021-06-13T12:00:00Z;N/A;not listed580;0;No
2021-06-14T12:00:00Z;N/A;not listed581;0;No
2021-06-15T12:00:00Z;N/A;not listed582;0;No
2021-06-16T12:00:00Z;N/A;not listed583;0;No
2021-06-17T12:00:00Z;N/A;not listed584;0;No
2021-06-18T12:00:00Z;N/A;not listed585;0;No
2021-06-19T12:00:00Z;N/A;not listed586;0;No
2021-06-20T12:00:00Z;N/A;not listed587;0;No
2021-06-21T12:00:00Z;N/A;not listed588;0;No
2021-06-22T12:00:00Z;N/A;not listed589;0;No
2021-06-23T12:00:00Z;N/A;not listed590;0;No
2021-06-24T12:00:00Z;N/A;not listed591;0;No
2021-06-25T12:00:00Z;N/A;not listed592;0;No
2021-06-26T12:00:00Z;N/A;not listed593;0;No
2021-06-27T12:00:00Z;N/A;not listed594;0;No
2021-06-28T12:00:00Z;N/A;not listed595;0;No
2021-06-29T12:00:00Z;N/A;not listed596;0;No
2021-06-30T12:00:00Z;N/A;not listed597;0;No
2021-07-01T12:00:00Z;N/A;not listed598;0;No
2021-07-02T12:00:00Z;N/A;not listed599;0;No
2021-07-03T12:00:00Z;N/A;not listed600;0;No
2021-07-04T12:00:00Z;N/A;not listed601;0;No
2021-07-05T12:00:00Z;N/A;not listed602;0;No
2021-07-06T12:00:00Z;N/A;not listed603;0;No
2021-07-07T12:00:00Z;N/A;not listed604;0;No
2021-07-08T12:00:00Z;N/A;not listed605;0;No
2021-07-09T12:00:00Z;N/A;not listed606;0;No
2021-07-10T12:00:00Z;N/A;not listed607;0;No
2021-07-11T12:00:00Z;N/A;not listed608;0;No
2021-07-12T12:00:00Z;N/A;not listed609;0;No
2021-07-13T12:00:00Z;N/A;not listed610;0;No
2021-07-14T12:00:00Z;N/A;not listed611;0;No
2021-07-15T12:00:00Z;N/A;not listed612;0;No
2021-07-16T12:00:00Z;N/A;not listed613;0;No
2021-07-17T12:00:00Z;N/A;not listed614;0;No
2021-07-18T12:00:00Z;N/A;not listed615;0;No
2021-07-19T12:00:00Z;N/A;not listed616;0;No
2021-07-20T12:00:00Z;N/A;not listed617;0;No
2021-07-21T12:00:00Z;N/A;not listed618;0;No
2021-07-22T12:00:00Z;N/A;not listed619;0;No
2021-07-23T12:00:00Z;N/A;not listed620;0;No
2021-07-24T12:00:00Z;N/A;not listed621;0;No
2021-07-25T12:00:00Z;N/A;not listed622;0;No
2021-07-26T12:00:00Z;N/A;not listed623;0;No
2021-07-27T12:00:00Z;N/A;not listed624;0;No
2021-07-28T12:00:00Z;N/A;not listed625;0;No
2021-07-29T12:00:00Z;N/A;not listed626;0;No
2021-07-30T12:00:00Z;N/A;not listed627;0;No
2021-07-31T12:00:00Z;N/A;not listed628;0;No
2021-08-01T12:00:00Z;N/A;not listed629;0;No
2021-08-02T12:00:00Z;N/A;not listed630;0;No
2021-08-03T12:00:00Z;N/A;not listed631;0;No
2021-08-04T12:00:00Z;N/A;not listed632;0;No
2021-08-05T12:00:00Z;N/A;not listed633;0;No
2021-08-06T12:00:00Z;N/A;not listed634;0;No
2021-08-07T12:00:00Z;N/A;not listed635;0;No
2021-08-08T12:00:00Z;N/A;not listed636;0;No
2021-08-09T12:00:00Z;N/A;not listed637;0;No
2021-08-10T12:00:00Z;N/A;not listed638;0;No
2021-08-11T12:00:00Z;N/A;not listed639;0;No
2021-08-12T12:00:00Z;N/A;not listed640;0;No
2021-08-13T12:00:00Z;N/A;not listed641;0;No
2021-08-14T12:00:00Z;N/A;not listed642;0;No
2021-08-15T12:00:00Z;N/A;not listed643;0;No
2021-08-16T12:00:00Z;N/A;not listed644;0;No
2021-08-17T12:00:00Z;N/A;not listed645;0;No
2021-08-18T12:00:00Z;N/A;not listed646;0;No
2021-08-19T12:00:00Z;N/A;not listed647;0;No
2021-08-20T12:00:00Z;N/A;not listed648;0;No
2021-08-21T12:00:00Z;N/A;not listed649;0;No
2021-08-22T12:00:00Z;N/A;not listed650;0;No
2021-08-23T12:00:00Z;N/A;not listed651;0;No
2021-08-24T12:00:00Z;N/A;not listed652;0;No
2021-08-25T12:00:00Z;N/A;not listed653;0;No
2021-08-26T12:00:00Z;N/A;not listed654;0;No
2021-08-27T12:00:00Z;N/A;not listed655;0;No
2021-08-28T12:00:00Z;N/A;not listed656;0;No
2021-08-29T12:00:00Z;N/A;not listed657;0;No
2021-08-30T12:00:00Z;N/A;not listed658;0;No
2021-08-31T12:00:00Z;N/A;not listed659;0;No
2021-09-01T12:00:00Z;N/A;not listed660;0;No
2021-09-02T12:00:00Z;N/A;not listed661;0;No
2021-09-03T12:00:00Z;N/A;not listed662;0;No
2021-09-04T12:00:00Z;N/A;not listed663;0;No
2021-09-05T12:00:00Z;N/A;not listed664;0;No
2021-09-06T12:00:00Z;N/A;not listed665;0;No
2021-09-07T12:00:00Z;N/A;not listed666;0;No
2021-09-08T12:00:00Z;N/A;not listed667;0;No
2021-09-09T12:00:00Z;N/A;not listed668;0;No
2021-09-10T12:00:00Z;N/A;not listed669;0;No
2021-09-11T12:00:00Z;N/A;not listed670;0;No
2021-09-12T12:00:00Z;N/A;not listed671;0;No
2021-09-13T12:00:00Z;N/A;not listed672;0;No
2021-09-14T12:00:00Z;N/A;not listed673;0;No
2021-09-15T12:00:00Z;N/A;not listed674;0;No
2021-09-16T12:00:00Z;N/A;not listed675;0;No
2021-09-17T12:00:00Z;N/A;not listed676;0;No
2021-09-18T12:00:00Z;N/A;not listed677;0;No
2021-09-19T12:00:00Z;N/A;not listed678;0;No
2021-09-20T12:00:00Z;N/A;not listed679;0;No
2021-09-21T12:00:00Z;N/A;not listed680;0;No
2021-09-22T12:00:00Z;N/A;not listed681;0;No
2021-09-23T12:00:00Z;N/A;not listed682;0;No
2021-09-24T12:00:00Z;N/A;not listed683;0;No
2021-09-25T12:00:00Z;N/A;not listed684;0;No
2021-09-26T12:00:00Z;N/A;not listed685;0;No
2021-09-27T12:00:00Z;N/A;not listed686;0;No
2021-09-28T12:00:00Z;N/A;not listed687;0;No
2021-09-29T12:00:00Z;N/A;not listed688;0;No
2021-09-30T12:00:00Z;N/A;not listed689;0;No
2021-10-01T12:00:00Z;N/A;not listed690;0;No
2021-10-02T12:00:00Z;N/A;not listed691;0;No
2021-10-03T12:00:00Z;N/A;not listed692;0;No
2021-10-04T12:00:00Z;N/A;not listed693;0;No
2021-10-05T12:00:00Z;N/A;not listed694;0;No
2021-10-06T12:00:00Z;N/A;not listed695;0;No
2021-10-07T12:00:00Z;N/A;not listed696;0;No
2021-10-08T12:00:00Z;N/A;not listed697;0;No
2021-10-09T12:00:00Z;N/A;not listed698;0;No
2021-10-10T12:00:00Z;N/A;not listed699;0;No
2021-10-11T12:00:00Z;N/A;not listed700;0;No
2021-10-12T12:00:00Z;N/A;not listed701;0;No
2021-10-13T12:00:00Z;N/A;not listed702;0;No
2021-10-14T12:00:00Z;N/A;not listed703;0;No
2021-10-15T12:00:00Z;N/A;not listed704;0;No
2021-10-16T12:00:00Z;N/A;not listed705;0;No
2021-10-17T12:00:00Z;N/A;not listed706;0;No
2021-10-18T12:00:00Z;N/A;not listed707;0;No
2021-10-19T12:00:00Z;N/A;not listed708;0;No
2021-10-20T12:00:00Z;N/A;not listed709;0;No
2021-10-21T12:00:00Z;N/A;not listed710;0;No
2021-10-22T12:00:00Z;N/A;not listed711;0;No
2021-10-23T12:00:00Z;N/A;not listed712;0;No
2021-10-24T12:00:00Z;N/A;not listed713;0;No
2021-10-25T12:00:00Z;N/A;not listed714;0;No
2021-10-26T12:00:00Z;N/A;not listed715;0;No
2021-10-27T12:00:00Z;N/A;not listed716;0;No
2021-10-28T12:00:00Z;N/A;not listed717;0;No
2021-10-29T12:00:00Z;N/A;not listed718;0;No
2021-10-30T12:00:00Z;N/A;not listed719;0;No
2021-10-31T12:00:00Z;N/A;not listed720;0;No
