2019-11-12T12:00:00Z;ACME Co., Ltd;-;580-12-0001;52/Finance and Insurance;Westminster, London SW1A 1AA;UK
2019-11-13T12:00:00Z;ACME Co., Ltd;-;580-12-0002;52/Finance and Insurance;Westminster, London SW1A 2AA;UK
2019-11-14T12:00:00Z;ACME Co., Ltd;-;580-12-0003;52/Finance and Insurance;Westminster, London SW1A 3AA;UK
2019-11-15T12:00:00Z;ACME Co., Ltd;-;580-12-0004;52/Finance and Insurance;Westminster, London SW1A 4AA;UK
2019-11-16T12:00:00Z;ACME Co., Ltd;-;580-12-0005;52/Finance and Insurance;Westminster, London SW1A 5AA;UK
2019-11-17T12:00:00Z;ACME Co., Ltd;-;580-12-0006;52/Finance and Insurance;Westminster, London SW1A 6AA;UK
2019-11-18T12:00:00Z;ACME Co., Ltd;-;580-12-0007;52/Finance and Insurance;Westminster, London SW1A 7AA;UK
2019-11-19T12:00:00Z;ACME Co., Ltd;-;580-12-0008;52/Finance and Insurance;Westminster, London SW1A 8AA;UK
2019-11-20T12:00:00Z;ACME Co., Ltd;-;580-12-0009;52/Finance and Insurance;Westminster, London SW1A 9AA;UK
2019-11-21T12:00:00Z;ACME Co., Ltd;-;580-12-0010;52/Finance and Insurance;Westminster, London SW1A 10AA;UK
2019-11-22T12:00:00Z;ACME Co., Ltd;-;580-12-0011;52/Finance and Insurance;Westminster, London SW1A 11AA;UK
2019-11-23T12:00:00Z;ACME Co., Ltd;-;580-12-0012;52/Finance and Insurance;Westminster, London SW1A 12AA;UK
2019-11-24T12:00:00Z;ACME Co., Ltd;-;580-12-0013;52/Finance and Insurance;Westminster, London SW1A 13AA;UK
2019-11-25T12:00:00Z;ACME Co., Ltd;-;580-12-0014;52/Finance and Insurance;Westminster, London SW1A 14AA;UK
2019-11-26T12:00:00Z;ACME Co., Ltd;-;580-12-0015;52/Finance and Insurance;Westminster, London SW1A 15AA;UK
2019-11-27T12:00:00Z;ACME Co., Ltd;-;580-12-0016;52/Finance and Insurance;Westminster, London SW1A 16AA;UK
2019-11-28T12:00:00Z;ACME Co., Ltd;-;580-12-0017;52/Finance and Insurance;Westminster, London SW1A 17AA;UK
2019-11-29T12:00:00Z;ACME Co., Ltd;-;580-12-0018;52/Finance and Insurance;Westminster, London SW1A 18AA;UK
2019-11-30T12:00:00Z;ACME Co., Ltd;-;580-12-0019;52/Finance and Insurance;Westminster, London SW1A 19AA;UK
2019-12-01T12:00:00Z;ACME Co., Ltd;-;580-12-0020;52/Finance and Insurance;Westminster, London SW1A 20AA;UK
2019-12-02T12:00:00Z;ACME Co., Ltd;-;580-12-0021;52/Finance and Insurance;Westminster, London SW1A 21AA;UK
2019-12-03T12:00:00Z;ACME Co., Ltd;-;580-12-0022;52/Finance and Insurance;Westminster, London SW1A 22AA;UK
2019-12-04T12:00:00Z;ACME Co., Ltd;-;580-12-0023;52/Finance and Insurance;Westminster, London SW1A 23AA;UK
2019-12-05T12:00:00Z;ACME Co., Ltd;-;580-12-0024;52/Finance and Insurance;Westminster, London SW1A 24AA;UK
2019-12-06T12:00:00Z;ACME Co., Ltd;-;580-12-0025;52/Finance and Insurance;Westminster, London SW1A 25AA;UK
2019-12-07T12:00:00Z;ACME Co., Ltd;-;580-12-0026;52/Finance and Insurance;Westminster, London SW1A 26AA;UK
2019-12-08T12:00:00Z;ACME Co., Ltd;-;580-12-0027;52/Finance and Insurance;Westminster, London SW1A 27AA;UK
2019-12-09T12:00:00Z;ACME Co., Ltd;-;580-12-0028;52/Finance and Insurance;Westminster, London SW1A 28AA;UK
2019-12-10T12:00:00Z;ACME Co., Ltd;-;580-12-0029;52/Finance and Insurance;Westminster, London SW1A 29AA;UK
2019-12-11T12:00:00Z;ACME Co., Ltd;-;580-12-0030;52/Finance and Insurance;Westminster, London SW1A 30AA;UK
2019-12-12T12:00:00Z;ACME Co., Ltd;-;580-12-0031;52/Finance and Insurance;Westminster, London SW1A 31AA;UK
2019-12-13T12:00:00Z;ACME Co., Ltd;-;580-12-0032;52/Finance and Insurance;Westminster, London SW1A 32AA;UK
2019-12-14T12:00:00Z;ACME Co., Ltd;-;580-12-0033;52/Finance and Insurance;Westminster, London SW1A 33AA;UK
2019-12-15T12:00:00Z;ACME Co., Ltd;-;580-12-0034;52/Finance and Insurance;Westminster, London SW1A 34AA;UK
2019-12-16T12:00:00Z;ACME Co., Ltd;-;580-12-0035;52/Finance and Insurance;Westminster, London SW1A 35AA;UK
2019-12-17T12:00:00Z;ACME Co., Ltd;-;580-12-0036;52/Finance and Insurance;Westminster, London SW1A 36AA;UK
2019-12-18T12:00:00Z;ACME Co., Ltd;-;580-12-0037;52/Finance and Insurance;Westminster, London SW1A 37AA;UK
2019-12-19T12:00:00Z;ACME Co., Ltd;-;580-12-0038;52/Finance and Insurance;Westminster, London SW1A 38AA;UK
2019-12-20T12:00:00Z;ACME Co., Ltd;-;580-12-0039;52/Finance and Insurance;Westminster, London SW1A 39AA;UK
2019-12-21T12:00:00Z;ACME Co., Ltd;-;580-12-0040;52/Finance and Insurance;Westminster, London SW1A 40AA;UK
2019-12-22T12:00:00Z;ACME Co., Ltd;-;580-12-0041;52/Finance and Insurance;Westminster, London SW1A 41AA;UK
2019-12-23T12:00:00Z;ACME Co., Ltd;-;580-12-0042;52/Finance and Insurance;Westminster, London SW1A 42AA;UK
2019-12-24T12:00:00Z;ACME Co., Ltd;-;580-12-0043;52/Finance and Insurance;Westminster, London SW1A 43AA;UK
2019-12-25T12:00:00Z;ACME Co., Ltd;-;580-12-0044;52/Finance and Insurance;Westminster, London SW1A 44AA;UK
2019-12-26T12:00:00Z;ACME Co., Ltd;-;580-12-0045;52/Finance and Insurance;Westminster, London SW1A 45AA;UK
2019-12-27T12:00:00Z;ACME Co., Ltd;-;580-12-0046;52/Finance and Insurance;Westminster, London SW1A 46AA;UK
2019-12-28T12:00:00Z;ACME Co., Ltd;-;580-12-0047;52/Finance and Insurance;Westminster, London SW1A 47AA;UK
2019-12-29T12:00:00Z;ACME Co., Ltd;-;580-12-0048;52/Finance and Insurance;Westminster, London SW1A 48AA;UK
2019-12-30T12:00:00Z;ACME Co., Ltd;-;580-12-0049;52/Finance and Insurance;Westminster, London SW1A 49AA;UK
2019-12-31T12:00:00Z;ACME Co., Ltd;-;580-12-0050;52/Finance and Insurance;Westminster, London SW1A 50AA;UK
2020-01-01T12:00:00Z;ACME Co., Ltd;-;580-12-0051;52/Finance and Insurance;Westminster, London SW1A 51AA;UK
2020-01-02T12:00:00Z;ACME Co., Ltd;-;580-12-0052;52/Finance and Insurance;Westminster, London SW1A 52AA;UK
2020-01-03T12:00:00Z;ACME Co., Ltd;-;580-12-0053;52/Finance and Insurance;Westminster, London SW1A 53AA;UK
2020-01-04T12:00:00Z;ACME Co., Ltd;-;580-12-0054;52/Finance and Insurance;Westminster, London SW1A 54AA;UK
2020-01-05T12:00:00Z;ACME Co., Ltd;-;580-12-0055;52/Finance and Insurance;Westminster, London SW1A 55AA;UK
2020-01-06T12:00:00Z;ACME Co., Ltd;-;580-12-0056;52/Finance and Insurance;Westminster, London SW1A 56AA;UK
2020-01-07T12:00:00Z;ACME Co., Ltd;-;580-12-0057;52/Finance and Insurance;Westminster, London SW1A 57AA;UK
2020-01-08T12:00:00Z;ACME Co., Ltd;-;580-12-0058;52/Finance and Insurance;Westminster, London SW1A 58AA;UK
2020-01-09T12:00:00Z;ACME Co., Ltd;-;580-12-0059;52/Finance and Insurance;Westminster, London SW1A 59AA;UK
2020-01-10T12:00:00Z;ACME Co., Ltd;-;580-12-0060;52/Finance and Insurance;Westminster, London SW1A 60AA;UK
2020-01-11T12:00:00Z;ACME Co., Ltd;-;580-12-0061;52/Finance and Insurance;Westminster, London SW1A 61AA;UK
2020-01-12T12:00:00Z;ACME Co., Ltd;-;580-12-0062;52/Finance and Insurance;Westminster, London SW1A 62AA;UK
2020-01-13T12:00:00Z;ACME Co., Ltd;-;580-12-0063;52/Finance and Insurance;Westminster, London SW1A 63AA;UK
2020-01-14T12:00:00Z;ACME Co., Ltd;-;580-12-0064;52/Finance and Insurance;Westminster, London SW1A 64AA;UK
2020-01-15T12:00:00Z;ACME Co., Ltd;-;580-12-0065;52/Finance and Insurance;Westminster, London SW1A 65AA;UK
2020-01-16T12:00:00Z;ACME Co., Ltd;-;580-12-0066;52/Finance and Insurance;Westminster, London SW1A 66AA;UK
2020-01-17T12:00:00Z;ACME Co., Ltd;-;580-12-0067;52/Finance and Insurance;Westminster, London SW1A 67AA;UK
2020-01-18T12:00:00Z;ACME Co., Ltd;-;580-12-0068;52/Finance and Insurance;Westminster, London SW1A 68AA;UK
2020-01-19T12:00:00Z;ACME Co., Ltd;-;580-12-0069;52/Finance and Insurance;Westminster, London SW1A 69AA;UK
2020-01-20T12:00:00Z;ACME Co., Ltd;-;580-12-0070;52/Finance and Insurance;Westminster, London SW1A 70AA;UK
2020-01-21T12:00:00Z;ACME Co., Ltd;-;580-12-0071;52/Finance and Insurance;Westminster, London SW1A 71AA;UK
2020-01-22T12:00:00Z;ACME Co., Ltd;-;580-12-0072;52/Finance and Insurance;Westminster, London SW1A 72AA;UK
2020-01-23T12:00:00Z;ACME Co., Ltd;-;580-12-0073;52/Finance and Insurance;Westminster, London SW1A 73AA;UK
2020-01-24T12:00:00Z;ACME Co., Ltd;-;580-12-0074;52/Finance and Insurance;Westminster, London SW1A 74AA;UK
2020-01-25T12:00:00Z;ACME Co., Ltd;-;580-12-0075;52/Finance and Insurance;Westminster, London SW1A 75AA;UK
2020-01-26T12:00:00Z;ACME Co., Ltd;-;580-12-0076;52/Finance and Insurance;Westminster, London SW1A 76AA;UK
2020-01-27T12:00:00Z;ACME Co., Ltd;-;580-12-0077;52/Finance and Insurance;Westminster, London SW1A 77AA;UK
2020-01-28T12:00:00Z;ACME Co., Ltd;-;580-12-0078;52/Finance and Insurance;Westminster, London SW1A 78AA;UK
2020-01-29T12:00:00Z;ACME Co., Ltd;-;580-12-0079;52/Finance and Insurance;Westminster, London SW1A 79AA;UK
2020-01-30T12:00:00Z;ACME Co., Ltd;-;580-12-0080;52/Finance and Insurance;Westminster, London SW1A 80AA;UK
2020-01-31T12:00:00Z;ACME Co., Ltd;-;580-12-0081;52/Finance and Insurance;Westminster, London SW1A 81AA;UK
2020-02-01T12:00:00Z;ACME Co., Ltd;-;580-12-0082;52/Finance and Insurance;Westminster, London SW1A 82AA;UK
2020-02-02T12:00:00Z;ACME Co., Ltd;-;580-12-0083;52/Finance and Insurance;Westminster, London SW1A 83AA;UK
2020-02-03T12:00:00Z;ACME Co., Ltd;-;580-12-0084;52/Finance and Insurance;Westminster, London SW1A 84AA;UK
2020-02-04T12:00:00Z;ACME Co., Ltd;-;580-12-0085;52/Finance and Insurance;Westminster, London SW1A 85AA;UK
2020-02-05T12:00:00Z;ACME Co., Ltd;-;580-12-0086;52/Finance and Insurance;Westminster, London SW1A 86AA;UK
2020-02-06T12:00:00Z;ACME Co., Ltd;-;580-12-0087;52/Finance and Insurance;Westminster, London SW1A 87AA;UK
2020-02-07T12:00:00Z;ACME Co., Ltd;-;580-12-0088;52/Finance and Insurance;Westminster, London SW1A 88AA;UK
2020-02-08T12:00:00Z;ACME Co., Ltd;-;580-12-0089;52/Finance and Insurance;Westminster, London SW1A 89AA;UK
2020-02-09T12:00:00Z;ACME Co., Ltd;-;580-12-0090;52/Finance and Insurance;Westminster, London SW1A 90AA;UK
2020-02-10T12:00:00Z;ACME Co., Ltd;-;580-12-0091;52/Finance and Insurance;Westminster, London SW1A 91AA;UK
2020-02-11T12:00:00Z;ACME Co., Ltd;-;580-12-0092;52/Finance and Insurance;Westminster, London SW1A 92AA;UK
2020-02-12T12:00:00Z;ACME Co., Ltd;-;580-12-0093;52/Finance and Insurance;Westminster, London SW1A 93AA;UK
2020-02-13T12:00:00Z;ACME Co., Ltd;-;580-12-0094;52/Finance and Insurance;Westminster, London SW1A 94AA;UK
2020-02-14T12:00:00Z;ACME Co., Ltd;-;580-12-0095;52/Finance and Insurance;Westminster, London SW1A 95AA;UK
2020-02-15T12:00:00Z;ACME Co., Ltd;-;580-12-0096;52/Finance and Insurance;Westminster, London SW1A 96AA;UK
2020-02-16T12:00:00Z;ACME Co., Ltd;-;580-12-0097;52/Finance and Insurance;Westminster, London SW1A 97AA;UK
2020-02-17T12:00:00Z;ACME Co., Ltd;-;580-12-0098;52/Finance and Insurance;Westminster, London SW1A 98AA;UK
2020-02-18T12:00:00Z;ACME Co., Ltd;-;580-12-0099;52/Finance and Insurance;Westminster, London SW1A 99AA;UK
2020-02-19T12:00:00Z;ACME Co., Ltd;-;580-12-0100;52/Finance and Insurance;Westminster, London SW1A 100AA;UK
2020-02-20T12:00:00Z;ACME Co., Ltd;-;580-12-0101;52/Finance and Insurance;Westminster, London SW1A 101AA;UK
2020-02-21T12:00:00Z;ACME Co., Ltd;-;580-12-0102;52/Finance and Insurance;Westminster, London SW1A 102AA;UK
2020-02-22T12:00:00Z;ACME Co., Ltd;-;580-12-0103;52/Finance and Insurance;Westminster, London SW1A 103AA;UK
2020-02-23T12:00:00Z;ACME Co., Ltd;-;580-12-0104;52/Finance and Insurance;Westminster, London SW1A 104AA;UK
2020-02-24T12:00:00Z;ACME Co., Ltd;-;580-12-0105;52/Finance and Insurance;Westminster, London SW1A 105AA;UK
2020-02-25T12:00:00Z;ACME Co., Ltd;-;580-12-0106;52/Finance and Insurance;Westminster, London SW1A 106AA;UK
2020-02-26T12:00:00Z;ACME Co., Ltd;-;580-12-0107;52/Finance and Insurance;Westminster, London SW1A 107AA;UK
2020-02-27T12:00:00Z;ACME Co., Ltd;-;580-12-0108;52/Finance and Insurance;Westminster, London SW1A 108AA;UK
2020-02-28T12:00:00Z;ACME Co., Ltd;-;580-12-0109;52/Finance and Insurance;Westminster, London SW1A 109AA;UK
2020-02-29T12:00:00Z;ACME Co., Ltd;-;580-12-0110;52/Finance and Insurance;Westminster, London SW1A 110AA;UK
2020-03-01T12:00:00Z;ACME Co., Ltd;-;580-12-0111;52/Finance and Insurance;Westminster, London SW1A 111AA;UK
2020-03-02T12:00:00Z;ACME Co., Ltd;-;580-12-0112;52/Finance and Insurance;Westminster, London SW1A 112AA;UK
2020-03-03T12:00:00Z;ACME Co., Ltd;-;580-12-0113;52/Finance and Insurance;Westminster, London SW1A 113AA;UK
2020-03-04T12:00:00Z;ACME Co., Ltd;-;580-12-0114;52/Finance and Insurance;Westminster, London SW1A 114AA;UK
2020-03-05T12:00:00Z;ACME Co., Ltd;-;580-12-0115;52/Finance and Insurance;Westminster, London SW1A 115AA;UK
2020-03-06T12:00:00Z;ACME Co., Ltd;-;580-12-0116;52/Finance and Insurance;Westminster, London SW1A 116AA;UK
2020-03-07T12:00:00Z;ACME Co., Ltd;-;580-12-0117;52/Finance and Insurance;Westminster, London SW1A 117AA;UK
2020-03-08T12:00:00Z;ACME Co., Ltd;-;580-12-0118;52/Finance and Insurance;Westminster, London SW1A 118AA;UK
2020-03-09T12:00:00Z;ACME Co., Ltd;-;580-12-0119;52/Finance and Insurance;Westminster, London SW1A 119AA;UK
2020-03-10T12:00:00Z;ACME Co., Ltd;-;580-12-0120;52/Finance and Insurance;Westminster, London SW1A 120AA;UK
2020-03-11T12:00:00Z;ACME Co., Ltd;-;580-12-0121;52/Finance and Insurance;Westminster, London SW1A 121AA;UK
2020-03-12T12:00:00Z;ACME Co., Ltd;-;580-12-0122;52/Finance and Insurance;Westminster, London SW1A 122AA;UK
2020-03-13T12:00:00Z;ACME Co., Ltd;-;580-12-0123;52/Finance and Insurance;Westminster, London SW1A 123AA;UK
2020-03-14T12:00:00Z;ACME Co., Ltd;-;580-12-0124;52/Finance and Insurance;Westminster, London SW1A 124AA;UK
2020-03-15T12:00:00Z;ACME Co., Ltd;-;580-12-0125;52/Finance and Insurance;Westminster, London SW1A 125AA;UK
2020-03-16T12:00:00Z;ACME Co., Ltd;-;580-12-0126;52/Finance and Insurance;Westminster, London SW1A 126AA;UK
2020-03-17T12:00:00Z;ACME Co., Ltd;-;580-12-0127;52/Finance and Insurance;Westminster, London SW1A 127AA;UK
2020-03-18T12:00:00Z;ACME Co., Ltd;-;580-12-0128;52/Finance and Insurance;Westminster, London SW1A 128AA;UK
2020-03-19T12:00:00Z;ACME Co., Ltd;-;580-12-0129;52/Finance and Insurance;Westminster, London SW1A 129AA;UK
2020-03-20T12:00:00Z;ACME Co., Ltd;-;580-12-0130;52/Finance and Insurance;Westminster, London SW1A 130AA;UK
2020-03-21T12:00:00Z;ACME Co., Ltd;-;580-12-0131;52/Finance and Insurance;Westminster, London SW1A 131AA;UK
2020-03-22T12:00:00Z;ACME Co., Ltd;-;580-12-0132;52/Finance and Insurance;Westminster, London SW1A 132AA;UK
2020-03-23T12:00:00Z;ACME Co., Ltd;-;580-12-0133;52/Finance and Insurance;Westminster, London SW1A 133AA;UK
2020-03-24T12:00:00Z;ACME Co., Ltd;-;580-12-0134;52/Finance and Insurance;Westminster, London SW1A 134AA;UK
2020-03-25T12:00:00Z;ACME Co., Ltd;-;580-12-0135;52/Finance and Insurance;Westminster, London SW1A 135AA;UK
2020-03-26T12:00:00Z;ACME Co., Ltd;-;580-12-0136;52/Finance and Insurance;Westminster, London SW1A 136AA;UK
2020-03-27T12:00:00Z;ACME Co., Ltd;-;580-12-0137;52/Finance and Insurance;Westminster, London SW1A 137AA;UK
2020-03-28T12:00:00Z;ACME Co., Ltd;-;580-12-0138;52/Finance and Insurance;Westminster, London SW1A 138AA;UK
2020-03-29T12:00:00Z;ACME Co., Ltd;-;580-12-0139;52/Finance and Insurance;Westminster, London SW1A 139AA;UK
2020-03-30T12:00:00Z;ACME Co., Ltd;-;580-12-0140;52/Finance and Insurance;Westminster, London SW1A 140AA;UK
2020-03-31T12:00:00Z;ACME Co., Ltd;-;580-12-0141;52/Finance and Insurance;Westminster, London SW1A 141AA;UK
2020-04-01T12:00:00Z;ACME Co., Ltd;-;580-12-0142;52/Finance and Insurance;Westminster, London SW1A 142AA;UK
2020-04-02T12:00:00Z;ACME Co., Ltd;-;580-12-0143;52/Finance and Insurance;Westminster, London SW1A 143AA;UK
2020-04-03T12:00:00Z;ACME Co., Ltd;-;580-12-0144;52/Finance and Insurance;Westminster, London SW1A 144AA;UK
2020-04-04T12:00:00Z;ACME Co., Ltd;-;580-12-0145;52/Finance and Insurance;Westminster, London SW1A 145AA;UK
2020-04-05T12:00:00Z;ACME Co., Ltd;-;580-12-0146;52/Finance and Insurance;Westminster, London SW1A 146AA;UK
2020-04-06T12:00:00Z;ACME Co., Ltd;-;580-12-0147;52/Finance and Insurance;Westminster, London SW1A 147AA;UK
2020-04-07T12:00:00Z;ACME Co., Ltd;-;580-12-0148;52/Finance and Insurance;Westminster, London SW1A 148AA;UK
2020-04-08T12:00:00Z;ACME Co., Ltd;-;580-12-0149;52/Finance and Insurance;Westminster, London SW1A 149AA;UK
2020-04-09T12:00:00Z;ACME Co., Ltd;-;580-12-0150;52/Finance and Insurance;Westminster, London SW1A 150AA;UK
2020-04-10T12:00:00Z;ACME Co., Ltd;-;580-12-0151;52/Finance and Insurance;Westminster, London SW1A 151AA;UK
2020-04-11T12:00:00Z;ACME Co., Ltd;-;580-12-0152;52/Finance and Insurance;Westminster, London SW1A 152AA;UK
2020-04-12T12:00:00Z;ACME Co., Ltd;-;580-12-0153;52/Finance and Insurance;Westminster, London SW1A 153AA;UK
2020-04-13T12:00:00Z;ACME Co., Ltd;-;580-12-0154;52/Finance and Insurance;Westminster, London SW1A 154AA;UK
2020-04-14T12:00:00Z;ACME Co., Ltd;-;580-12-0155;52/Finance and Insurance;Westminster, London SW1A 155AA;UK
2020-04-15T12:00:00Z;ACME Co., Ltd;-;580-12-0156;52/Finance and Insurance;Westminster, London SW1A 156AA;UK
2020-04-16T12:00:00Z;ACME Co., Ltd;-;580-12-0157;52/Finance and Insurance;Westminster, London SW1A 157AA;UK
2020-04-17T12:00:00Z;ACME Co., Ltd;-;580-12-0158;52/Finance and Insurance;Westminster, London SW1A 158AA;UK
2020-04-18T12:00:00Z;ACME Co., Ltd;-;580-12-0159;52/Finance and Insurance;Westminster, London SW1A 159AA;UK
2020-04-19T12:00:00Z;ACME Co., Ltd;-;580-12-0160;52/Finance and Insurance;Westminster, London SW1A 160AA;UK
2020-04-20T12:00:00Z;ACME Co., Ltd;-;580-12-0161;52/Finance and Insurance;Westminster, London SW1A 161AA;UK
2020-04-21T12:00:00Z;ACME Co., Ltd;-;580-12-0162;52/Finance and Insurance;Westminster, London SW1A 162AA;UK
2020-04-22T12:00:00Z;ACME Co., Ltd;-;580-12-0163;52/Finance and Insurance;Westminster, London SW1A 163AA;UK
2020-04-23T12:00:00Z;ACME Co., Ltd;-;580-12-0164;52/Finance and Insurance;Westminster, London SW1A 164AA;UK
2020-04-24T12:00:00Z;ACME Co., Ltd;-;580-12-0165;52/Finance and Insurance;Westminster, London SW1A 165AA;UK
2020-04-25T12:00:00Z;ACME Co., Ltd;-;580-12-0166;52/Finance and Insurance;Westminster, London SW1A 166AA;UK
2020-04-26T12:00:00Z;ACME Co., Ltd;-;580-12-0167;52/Finance and Insurance;Westminster, London SW1A 167AA;UK
2020-04-27T12:00:00Z;ACME Co., Ltd;-;580-12-0168;52/Finance and Insurance;Westminster, London SW1A 168AA;UK
2020-04-28T12:00:00Z;ACME Co., Ltd;-;580-12-0169;52/Finance and Insurance;Westminster, London SW1A 169AA;UK
2020-04-29T12:00:00Z;ACME Co., Ltd;-;580-12-0170;52/Finance and Insurance;Westminster, London SW1A 170AA;UK
2020-04-30T12:00:00Z;ACME Co., Ltd;-;580-12-0171;52/Finance and Insurance;Westminster, London SW1A 171AA;UK
2020-05-01T12:00:00Z;ACME Co., Ltd;-;580-12-0172;52/Finance and Insurance;Westminster, London SW1A 172AA;UK
2020-05-02T12:00:00Z;ACME Co., Ltd;-;580-12-0173;52/Finance and Insurance;Westminster, London SW1A 173AA;UK
2020-05-03T12:00:00Z;ACME Co., Ltd;-;580-12-0174;52/Finance and Insurance;Westminster, London SW1A 174AA;UK
2020-05-04T12:00:00Z;ACME Co., Ltd;-;580-12-0175;52/Finance and Insurance;Westminster, London SW1A 175AA;UK
2020-05-05T12:00:00Z;ACME Co., Ltd;-;580-12-0176;52/Finance and Insurance;Westminster, London SW1A 176AA;UK
2020-05-06T12:00:00Z;ACME Co., Ltd;-;580-12-0177;52/Finance and Insurance;Westminster, London SW1A 177AA;UK
2020-05-07T12:00:00Z;ACME Co., Ltd;-;580-12-0178;52/Finance and Insurance;Westminster, London SW1A 178AA;UK
2020-05-08T12:00:00Z;ACME Co., Ltd;-;580-12-0179;52/Finance and Insurance;Westminster, London SW1A 179AA;UK
2020-05-09T12:00:00Z;ACME Co., Ltd;-;580-12-0180;52/Finance and Insurance;Westminster, London SW1A 180AA;UK
2020-05-10T12:00:00Z;ACME Co., Ltd;-;580-12-0181;52/Finance and Insurance;Westminster, London SW1A 181AA;UK
2020-05-11T12:00:00Z;ACME Co., Ltd;-;580-12-0182;52/Finance and Insurance;Westminster, London SW1A 182AA;UK
2020-05-12T12:00:00Z;ACME Co., Ltd;-;580-12-0183;52/Finance and Insurance;Westminster, London SW1A 183AA;UK
2020-05-13T12:00:00Z;ACME Co., Ltd;-;580-12-0184;52/Finance and Insurance;Westminster, London SW1A 184AA;UK
2020-05-14T12:00:00Z;ACME Co., Ltd;-;580-12-0185;52/Finance and Insurance;Westminster, London SW1A 185AA;UK
2020-05-15T12:00:00Z;ACME Co., Ltd;-;580-12-0186;52/Finance and Insurance;Westminster, London SW1A 186AA;UK
2020-05-16T12:00:00Z;ACME Co., Ltd;-;580-12-0187;52/Finance and Insurance;Westminster, London SW1A 187AA;UK
2020-05-17T12:00:00Z;ACME Co., Ltd;-;580-12-0188;52/Finance and Insurance;Westminster, London SW1A 188AA;UK
2020-05-18T12:00:00Z;ACME Co., Ltd;-;580-12-0189;52/Finance and Insurance;Westminster, London SW1A 189AA;UK
2020-05-19T12:00:00Z;ACME Co., Ltd;-;580-12-0190;52/Finance and Insurance;Westminster, London SW1A 190AA;UK
2020-05-20T12:00:00Z;ACME Co., Ltd;-;580-12-0191;52/Finance and Insurance;Westminster, London SW1A 191AA;UK
2020-05-21T12:00:00Z;ACME Co., Ltd;-;580-12-0192;52/Finance and Insurance;Westminster, London SW1A 192AA;UK
2020-05-22T12:00:00Z;ACME Co., Ltd;-;580-12-0193;52/Finance and Insurance;Westminster, London SW1A 193AA;UK
2020-05-23T12:00:00Z;ACME Co., Ltd;-;580-12-0194;52/Finance and Insurance;Westminster, London SW1A 194AA;UK
2020-05-24T12:00:00Z;ACME Co., Ltd;-;580-12-0195;52/Finance and Insurance;Westminster, London SW1A 195AA;UK
2020-05-25T12:00:00Z;ACME Co., Ltd;-;580-12-0196;52/Finance and Insurance;Westminster, London SW1A 196AA;UK
2020-05-26T12:00:00Z;ACME Co., Ltd;-;580-12-0197;52/Finance and Insurance;Westminster, London SW1A 197AA;UK
2020-05-27T12:00:00Z;ACME Co., Ltd;-;580-12-0198;52/Finance and Insurance;Westminster, London SW1A 198AA;UK
2020-05-28T12:00:00Z;ACME Co., Ltd;-;580-12-0199;52/Finance and Insurance;Westminster, London SW1A 199AA;UK
2020-05-29T12:00:00Z;ACME Co., Ltd;-;580-12-0200;52/Finance and Insurance;Westminster, London SW1A 200AA;UK
2020-05-30T12:00:00Z;ACME Co., Ltd;-;580-12-0201;52/Finance and Insurance;Westminster, London SW1A 201AA;UK
2020-05-31T12:00:00Z;ACME Co., Ltd;-;580-12-0202;52/Finance and Insurance;Westminster, London SW1A 202AA;UK
2020-06-01T12:00:00Z;ACME Co., Ltd;-;580-12-0203;52/Finance and Insurance;Westminster, London SW1A 203AA;UK
2020-06-02T12:00:00Z;ACME Co., Ltd;-;580-12-0204;52/Finance and Insurance;Westminster, London SW1A 204AA;UK
2020-06-03T12:00:00Z;ACME Co., Ltd;-;580-12-0205;52/Finance and Insurance;Westminster, London SW1A 205AA;UK
2020-06-04T12:00:00Z;ACME Co., Ltd;-;580-12-0206;52/Finance and Insurance;Westminster, London SW1A 206AA;UK
2020-06-05T12:00:00Z;ACME Co., Ltd;-;580-12-0207;52/Finance and Insurance;Westminster, London SW1A 207AA;UK
2020-06-06T12:00:00Z;ACME Co., Ltd;-;580-12-0208;52/Finance and Insurance;Westminster, London SW1A 208AA;UK
2020-06-07T12:00:00Z;ACME Co., Ltd;-;580-12-0209;52/Finance and Insurance;Westminster, London SW1A 209AA;UK
2020-06-08T12:00:00Z;ACME Co., Ltd;-;580-12-0210;52/Finance and Insurance;Westminster, London SW1A 210AA;UK
2020-06-09T12:00:00Z;ACME Co., Ltd;-;580-12-0211;52/Finance and Insurance;Westminster, London SW1A 211AA;UK
2020-06-10T12:00:00Z;ACME Co., Ltd;-;580-12-0212;52/Finance and Insurance;Westminster, London SW1A 212AA;UK
2020-06-11T12:00:00Z;ACME Co., Ltd;-;580-12-0213;52/Finance and Insurance;Westminster, London SW1A 213AA;UK
2020-06-12T12:00:00Z;ACME Co., Ltd;-;580-12-0214;52/Finance and Insurance;Westminster, London SW1A 214AA;UK
2020-06-13T12:00:00Z;ACME Co., Ltd;-;580-12-0215;52/Finance and Insurance;Westminster, London SW1A 215AA;UK
2020-06-14T12:00:00Z;ACME Co., Ltd;-;580-12-0216;52/Finance and Insurance;Westminster, London SW1A 216AA;UK
2020-06-15T12:00:00Z;ACME Co., Ltd;-;580-12-0217;52/Finance and Insurance;Westminster, London SW1A 217AA;UK
2020-06-16T12:00:00Z;ACME Co., Ltd;-;580-12-0218;52/Finance and Insurance;Westminster, London SW1A 218AA;UK
2020-06-17T12:00:00Z;ACME Co., Ltd;-;580-12-0219;52/Finance and Insurance;Westminster, London SW1A 219AA;UK
2020-06-18T12:00:00Z;ACME Co., Ltd;-;580-12-0220;52/Finance and Insurance;Westminster, London SW1A 220AA;UK
2020-06-19T12:00:00Z;ACME Co., Ltd;-;580-12-0221;52/Finance and Insurance;Westminster, London SW1A 221AA;UK
2020-06-20T12:00:00Z;ACME Co., Ltd;-;580-12-0222;52/Finance and Insurance;Westminster, London SW1A 222AA;UK
2020-06-21T12:00:00Z;ACME Co., Ltd;-;580-12-0223;52/Finance and Insurance;Westminster, London SW1A 223AA;UK
2020-06-22T12:00:00Z;ACME Co., Ltd;-;580-12-0224;52/Finance and Insurance;Westminster, London SW1A 224AA;UK
2020-06-23T12:00:00Z;ACME Co., Ltd;-;580-12-0225;52/Finance and Insurance;Westminster, London SW1A 225AA;UK
2020-06-24T12:00:00Z;ACME Co., Ltd;-;580-12-0226;52/Finance and Insurance;Westminster, London SW1A 226AA;UK
2020-06-25T12:00:00Z;ACME Co., Ltd;-;580-12-0227;52/Finance and Insurance;Westminster, London SW1A 227AA;UK
2020-06-26T12:00:00Z;ACME Co., Ltd;-;580-12-0228;52/Finance and Insurance;Westminster, London SW1A 228AA;UK
2020-06-27T12:00:00Z;ACME Co., Ltd;-;580-12-0229;52/Finance and Insurance;Westminster, London SW1A 229AA;UK
2020-06-28T12:00:00Z;ACME Co., Ltd;-;580-12-0230;52/Finance and Insurance;Westminster, London SW1A 230AA;UK
2020-06-29T12:00:00Z;ACME Co., Ltd;-;580-12-0231;52/Finance and Insurance;Westminster, London SW1A 231AA;UK
2020-06-30T12:00:00Z;ACME Co., Ltd;-;580-12-0232;52/Finance and Insurance;Westminster, London SW1A 232AA;UK
2020-07-01T12:00:00Z;ACME Co., Ltd;-;580-12-0233;52/Finance and Insurance;Westminster, London SW1A 233AA;UK
2020-07-02T12:00:00Z;ACME Co., Ltd;-;580-12-0234;52/Finance and Insurance;Westminster, London SW1A 234AA;UK
2020-07-03T12:00:00Z;ACME Co., Ltd;-;580-12-0235;52/Finance and Insurance;Westminster, London SW1A 235AA;UK
2020-07-04T12:00:00Z;ACME Co., Ltd;-;580-12-0236;52/Finance and Insurance;Westminster, London SW1A 236AA;UK
2020-07-05T12:00:00Z;ACME Co., Ltd;-;580-12-0237;52/Finance and Insurance;Westminster, London SW1A 237AA;UK
2020-07-06T12:00:00Z;ACME Co., Ltd;-;580-12-0238;52/Finance and Insurance;Westminster, London SW1A 238AA;UK
2020-07-07T12:00:00Z;ACME Co., Ltd;-;580-12-0239;52/Finance and Insurance;Westminster, London SW1A 239AA;UK
2020-07-08T12:00:00Z;ACME Co., Ltd;-;580-12-0240;52/Finance and Insurance;Westminster, London SW1A 240AA;UK
2020-07-09T12:00:00Z;ACME Co., Ltd;-;580-12-0241;52/Finance and Insurance;Westminster, London SW1A 241AA;UK
2020-07-10T12:00:00Z;ACME Co., Ltd;-;580-12-0242;52/Finance and Insurance;Westminster, London SW1A 242AA;UK
2020-07-11T12:00:00Z;ACME Co., Ltd;-;580-12-0243;52/Finance and Insurance;Westminster, London SW1A 243AA;UK
2020-07-12T12:00:00Z;ACME Co., Ltd;-;580-12-0244;52/Finance and Insurance;Westminster, London SW1A 244AA;UK
2020-07-13T12:00:00Z;ACME Co., Ltd;-;580-12-0245;52/Finance and Insurance;Westminster, London SW1A 245AA;UK
2020-07-14T12:00:00Z;ACME Co., Ltd;-;580-12-0246;52/Finance and Insurance;Westminster, London SW1A 246AA;UK
2020-07-15T12:00:00Z;ACME Co., Ltd;-;580-12-0247;52/Finance and Insurance;Westminster, London SW1A 247AA;UK
2020-07-16T12:00:00Z;ACME Co., Ltd;-;580-12-0248;52/Finance and Insurance;Westminster, London SW1A 248AA;UK
2020-07-17T12:00:00Z;ACME Co., Ltd;-;580-12-0249;52/Finance and Insurance;Westminster, London SW1A 249AA;UK
2020-07-18T12:00:00Z;ACME Co., Ltd;-;580-12-0250;52/Finance and Insurance;Westminster, London SW1A 250AA;UK
2020-07-19T12:00:00Z;ACME Co., Ltd;-;580-12-0251;52/Finance and Insurance;Westminster, London SW1A 251AA;UK
2020-07-20T12:00:00Z;ACME Co., Ltd;-;580-12-0252;52/Finance and Insurance;Westminster, London SW1A 252AA;UK
2020-07-21T12:00:00Z;ACME Co., Ltd;-;580-12-0253;52/Finance and Insurance;Westminster, London SW1A 253AA;UK
2020-07-22T12:00:00Z;ACME Co., Ltd;-;580-12-0254;52/Finance and Insurance;Westminster, London SW1A 254AA;UK
2020-07-23T12:00:00Z;ACME Co., Ltd;-;580-12-0255;52/Finance and Insurance;Westminster, London SW1A 255AA;UK
2020-07-24T12:00:00Z;ACME Co., Ltd;-;580-12-0256;52/Finance and Insurance;Westminster, London SW1A 256AA;UK
2020-07-25T12:00:00Z;ACME Co., Ltd;-;580-12-0257;52/Finance and Insurance;Westminster, London SW1A 257AA;UK
2020-07-26T12:00:00Z;ACME Co., Ltd;-;580-12-0258;52/Finance and Insurance;Westminster, London SW1A 258AA;UK
2020-07-27T12:00:00Z;ACME Co., Ltd;-;580-12-0259;52/Finance and Insurance;Westminster, London SW1A 259AA;UK
2020-07-28T12:00:00Z;ACME Co., Ltd;-;580-12-0260;52/Finance and Insurance;Westminster, London SW1A 260AA;UK
2020-07-29T12:00:00Z;ACME Co., Ltd;-;580-12-0261;52/Finance and Insurance;Westminster, London SW1A 261AA;UK
2020-07-30T12:00:00Z;ACME Co., Ltd;-;580-12-0262;52/Finance and Insurance;Westminster, London SW1A 262AA;UK
2020-07-31T12:00:00Z;ACME Co., Ltd;-;580-12-0263;52/Finance and Insurance;Westminster, London SW1A 263AA;UK
2020-08-01T12:00:00Z;ACME Co., Ltd;-;580-12-0264;52/Finance and Insurance;Westminster, London SW1A 264AA;UK
2020-08-02T12:00:00Z;ACME Co., Ltd;-;580-12-0265;52/Finance and Insurance;Westminster, London SW1A 265AA;UK
2020-08-03T12:00:00Z;ACME Co., Ltd;-;580-12-0266;52/Finance and Insurance;Westminster, London SW1A 266AA;UK
2020-08-04T12:00:00Z;ACME Co., Ltd;-;580-12-0267;52/Finance and Insurance;Westminster, London SW1A 267AA;UK
2020-08-05T12:00:00Z;ACME Co., Ltd;-;580-12-0268;52/Finance and Insurance;Westminster, London SW1A 268AA;UK
2020-08-06T12:00:00Z;ACME Co., Ltd;-;580-12-0269;52/Finance and Insurance;Westminster, London SW1A 269AA;UK
2020-08-07T12:00:00Z;ACME Co., Ltd;-;580-12-0270;52/Finance and Insurance;Westminster, London SW1A 270AA;UK
2020-08-08T12:00:00Z;ACME Co., Ltd;-;580-12-0271;52/Finance and Insurance;Westminster, London SW1A 271AA;UK
2020-08-09T12:00:00Z;ACME Co., Ltd;-;580-12-0272;52/Finance and Insurance;Westminster, London SW1A 272AA;UK
2020-08-10T12:00:00Z;ACME Co., Ltd;-;580-12-0273;52/Finance and Insurance;Westminster, London SW1A 273AA;UK
2020-08-11T12:00:00Z;ACME Co., Ltd;-;580-12-0274;52/Finance and Insurance;Westminster, London SW1A 274AA;UK
2020-08-12T12:00:00Z;ACME Co., Ltd;-;580-12-0275;52/Finance and Insurance;Westminster, London SW1A 275AA;UK
2020-08-13T12:00:00Z;ACME Co., Ltd;-;580-12-0276;52/Finance and Insurance;Westminster, London SW1A 276AA;UK
2020-08-14T12:00:00Z;ACME Co., Ltd;-;580-12-0277;52/Finance and Insurance;Westminster, London SW1A 277AA;UK
2020-08-15T12:00:00Z;ACME Co., Ltd;-;580-12-0278;52/Finance and Insurance;Westminster, London SW1A 278AA;UK
2020-08-16T12:00:00Z;ACME Co., Ltd;-;580-12-0279;52/Finance and Insurance;Westminster, London SW1A 279AA;UK
2020-08-17T12:00:00Z;ACME Co., Ltd;-;580-12-0280;52/Finance and Insurance;Westminster, London SW1A 280AA;UK
2020-08-18T12:00:00Z;ACME Co., Ltd;-;580-12-0281;52/Finance and Insurance;Westminster, London SW1A 281AA;UK
2020-08-19T12:00:00Z;ACME Co., Ltd;-;580-12-0282;52/Finance and Insurance;Westminster, London SW1A 282AA;UK
2020-08-20T12:00:00Z;ACME Co., Ltd;-;580-12-0283;52/Finance and Insurance;Westminster, London SW1A 283AA;UK
2020-08-21T12:00:00Z;ACME Co., Ltd;-;580-12-0284;52/Finance and Insurance;Westminster, London SW1A 284AA;UK
2020-08-22T12:00:00Z;ACME Co., Ltd;-;580-12-0285;52/Finance and Insurance;Westminster, London SW1A 285AA;UK
2020-08-23T12:00:00Z;ACME Co., Ltd;-;580-12-0286;52/Finance and Insurance;Westminster, London SW1A 286AA;UK
2020-08-24T12:00:00Z;ACME Co., Ltd;-;580-12-0287;52/Finance and Insurance;Westminster, London SW1A 287AA;UK
2020-08-25T12:00:00Z;ACME Co., Ltd;-;580-12-0288;52/Finance and Insurance;Westminster, London SW1A 288AA;UK
2020-08-26T12:00:00Z;ACME Co., Ltd;-;580-12-0289;52/Finance and Insurance;Westminster, London SW1A 289AA;UK
2020-08-27T12:00:00Z;ACME Co., Ltd;-;580-12-0290;52/Finance and Insurance;Westminster, London SW1A 290AA;UK
2020-08-28T12:00:00Z;ACME Co., Ltd;-;580-12-0291;52/Finance and Insurance;Westminster, London SW1A 291AA;UK
2020-08-29T12:00:00Z;ACME Co., Ltd;-;580-12-0292;52/Finance and Insurance;Westminster, London SW1A 292AA;UK
2020-08-30T12:00:00Z;ACME Co., Ltd;-;580-12-0293;52/Finance and Insurance;Westminster, London SW1A 293AA;UK
2020-08-31T12:00:00Z;ACME Co., Ltd;-;580-12-0294;52/Finance and Insurance;Westminster, London SW1A 294AA;UK
2020-09-01T12:00:00Z;ACME Co., Ltd;-;580-12-0295;52/Finance and Insurance;Westminster, London SW1A 295AA;UK
2020-09-02T12:00:00Z;ACME Co., Ltd;-;580-12-0296;52/Finance and Insurance;Westminster, London SW1A 296AA;UK
2020-09-03T12:00:00Z;ACME Co., Ltd;-;580-12-0297;52/Finance and Insurance;Westminster, London SW1A 297AA;UK
2020-09-04T12:00:00Z;ACME Co., Ltd;-;580-12-0298;52/Finance and Insurance;Westminster, London SW1A 298AA;UK
2020-09-05T12:00:00Z;ACME Co., Ltd;-;580-12-0299;52/Finance and Insurance;Westminster, London SW1A 299AA;UK
2020-09-06T12:00:00Z;ACME Co., Ltd;-;580-12-0300;52/Finance and Insurance;Westminster, London SW1A 300AA;UK
2020-09-07T12:00:00Z;ACME Co., Ltd;-;580-12-0301;52/Finance and Insurance;Westminster, London SW1A 301AA;UK
2020-09-08T12:00:00Z;ACME Co., Ltd;-;580-12-0302;52/Finance and Insurance;Westminster, London SW1A 302AA;UK
2020-09-09T12:00:00Z;ACME Co., Ltd;-;580-12-0303;52/Finance and Insurance;Westminster, London SW1A 303AA;UK
2020-09-10T12:00:00Z;ACME Co., Ltd;-;580-12-0304;52/Finance and Insurance;Westminster, London SW1A 304AA;UK
2020-09-11T12:00:00Z;ACME Co., Ltd;-;580-12-0305;52/Finance and Insurance;Westminster, London SW1A 305AA;UK
2020-09-12T12:00:00Z;ACME Co., Ltd;-;580-12-0306;52/Finance and Insurance;Westminster, London SW1A 306AA;UK
2020-09-13T12:00:00Z;ACME Co., Ltd;-;580-12-0307;52/Finance and Insurance;Westminster, London SW1A 307AA;UK
2020-09-14T12:00:00Z;ACME Co., Ltd;-;580-12-0308;52/Finance and Insurance;Westminster, London SW1A 308AA;UK
2020-09-15T12:00:00Z;ACME Co., Ltd;-;580-12-0309;52/Finance and Insurance;Westminster, London SW1A 309AA;UK
2020-09-16T12:00:00Z;ACME Co., Ltd;-;580-12-0310;52/Finance and Insurance;Westminster, London SW1A 310AA;UK
2020-09-17T12:00:00Z;ACME Co., Ltd;-;580-12-0311;52/Finance and Insurance;Westminster, London SW1A 311AA;UK
2020-09-18T12:00:00Z;ACME Co., Ltd;-;580-12-0312;52/Finance and Insurance;Westminster, London SW1A 312AA;UK
2020-09-19T12:00:00Z;ACME Co., Ltd;-;580-12-0313;52/Finance and Insurance;Westminster, London SW1A 313AA;UK
2020-09-20T12:00:00Z;ACME Co., Ltd;-;580-12-0314;52/Finance and Insurance;Westminster, London SW1A 314AA;UK
2020-09-21T12:00:00Z;ACME Co., Ltd;-;580-12-0315;52/Finance and Insurance;Westminster, London SW1A 315AA;UK
2020-09-22T12:00:00Z;ACME Co., Ltd;-;580-12-0316;52/Finance and Insurance;Westminster, London SW1A 316AA;UK
2020-09-23T12:00:00Z;ACME Co., Ltd;-;580-12-0317;52/Finance and Insurance;Westminster, London SW1A 317AA;UK
2020-09-24T12:00:00Z;ACME Co., Ltd;-;580-12-0318;52/Finance and Insurance;Westminster, London SW1A 318AA;UK
2020-09-25T12:00:00Z;ACME Co., Ltd;-;580-12-0319;52/Finance and Insurance;Westminster, London SW1A 319AA;UK
2020-09-26T12:00:00Z;ACME Co., Ltd;-;580-12-0320;52/Finance and Insurance;Westminster, London SW1A 320AA;UK
2020-09-27T12:00:00Z;ACME Co., Ltd;-;580-12-0321;52/Finance and Insurance;Westminster, London SW1A 321AA;UK
2020-09-28T12:00:00Z;ACME Co., Ltd;-;580-12-0322;52/Finance and Insurance;Westminster, London SW1A 322AA;UK
2020-09-29T12:00:00Z;ACME Co., Ltd;-;580-12-0323;52/Finance and Insurance;Westminster, London SW1A 323AA;UK
2020-09-30T12:00:00Z;ACME Co., Ltd;-;580-12-0324;52/Finance and Insurance;Westminster, London SW1A 324AA;UK
2020-10-01T12:00:00Z;ACME Co., Ltd;-;580-12-0325;52/Finance and Insurance;Westminster, London SW1A 325AA;UK
2020-10-02T12:00:00Z;ACME Co., Ltd;-;580-12-0326;52/Finance and Insurance;Westminster, London SW1A 326AA;UK
2020-10-03T12:00:00Z;ACME Co., Ltd;-;580-12-0327;52/Finance and Insurance;Westminster, London SW1A 327AA;UK
2020-10-04T12:00:00Z;ACME Co., Ltd;-;580-12-0328;52/Finance and Insurance;Westminster, London SW1A 328AA;UK
2020-10-05T12:00:00Z;ACME Co., Ltd;-;580-12-0329;52/Finance and Insurance;Westminster, London SW1A 329AA;UK
2020-10-06T12:00:00Z;ACME Co., Ltd;-;580-12-0330;52/Finance and Insurance;Westminster, London SW1A 330AA;UK
2020-10-07T12:00:00Z;ACME Co., Ltd;-;580-12-0331;52/Finance and Insurance;Westminster, London SW1A 331AA;UK
2020-10-08T12:00:00Z;ACME Co., Ltd;-;580-12-0332;52/Finance and Insurance;Westminster, London SW1A 332AA;UK
2020-10-09T12:00:00Z;ACME Co., Ltd;-;580-12-0333;52/Finance and Insurance;Westminster, London SW1A 333AA;UK
2020-10-10T12:00:00Z;ACME Co., Ltd;-;580-12-0334;52/Finance and Insurance;Westminster, London SW1A 334AA;UK
2020-10-11T12:00:00Z;ACME Co., Ltd;-;580-12-0335;52/Finance and Insurance;Westminster, London SW1A 335AA;UK
2020-10-12T12:00:00Z;ACME Co., Ltd;-;580-12-0336;52/Finance and Insurance;Westminster, London SW1A 336AA;UK
2020-10-13T12:00:00Z;ACME Co., Ltd;-;580-12-0337;52/Finance and Insurance;Westminster, London SW1A 337AA;UK
2020-10-14T12:00:00Z;ACME Co., Ltd;-;580-12-0338;52/Finance and Insurance;Westminster, London SW1A 338AA;UK
2020-10-15T12:00:00Z;ACME Co., Ltd;-;580-12-0339;52/Finance and Insurance;Westminster, London SW1A 339AA;UK
2020-10-16T12:00:00Z;ACME Co., Ltd;-;580-12-0340;52/Finance and Insurance;Westminster, London SW1A 340AA;UK
2020-10-17T12:00:00Z;ACME Co., Ltd;-;580-12-0341;52/Finance and Insurance;Westminster, London SW1A 341AA;UK
2020-10-18T12:00:00Z;ACME Co., Ltd;-;580-12-0342;52/Finance and Insurance;Westminster, London SW1A 342AA;UK
2020-10-19T12:00:00Z;ACME Co., Ltd;-;580-12-0343;52/Finance and Insurance;Westminster, London SW1A 343AA;UK
2020-10-20T12:00:00Z;ACME Co., Ltd;-;580-12-0344;52/Finance and Insurance;Westminster, London SW1A 344AA;UK
2020-10-21T12:00:00Z;ACME Co., Ltd;-;580-12-0345;52/Finance and Insurance;Westminster, London SW1A 345AA;UK
2020-10-22T12:00:00Z;ACME Co., Ltd;-;580-12-0346;52/Finance and Insurance;Westminster, London SW1A 346AA;UK
2020-10-23T12:00:00Z;ACME Co., Ltd;-;580-12-0347;52/Finance and Insurance;Westminster, London SW1A 347AA;UK
2020-10-24T12:00:00Z;ACME Co., Ltd;-;580-12-0348;52/Finance and Insurance;Westminster, London SW1A 348AA;UK
2020-10-25T12:00:00Z;ACME Co., Ltd;-;580-12-0349;52/Finance and Insurance;Westminster, London SW1A 349AA;UK
2020-10-26T12:00:00Z;ACME Co., Ltd;-;580-12-0350;52/Finance and Insurance;Westminster, London SW1A 350AA;UK
2020-10-27T12:00:00Z;ACME Co., Ltd;-;580-12-0351;52/Finance and Insurance;Westminster, London SW1A 351AA;UK
2020-10-28T12:00:00Z;ACME Co., Ltd;-;580-12-0352;52/Finance and Insurance;Westminster, London SW1A 352AA;UK
2020-10-29T12:00:00Z;ACME Co., Ltd;-;580-12-0353;52/Finance and Insurance;Westminster, London SW1A 353AA;UK
2020-10-30T12:00:00Z;ACME Co., Ltd;-;580-12-0354;52/Finance and Insurance;Westminster, London SW1A 354AA;UK
2020-10-31T12:00:00Z;ACME Co., Ltd;-;580-12-0355;52/Finance and Insurance;Westminster, London SW1A 355AA;UK
2020-11-01T12:00:00Z;ACME Co., Ltd;-;580-12-0356;52/Finance and Insurance;Westminster, London SW1A 356AA;UK
2020-11-02T12:00:00Z;ACME Co., Ltd;-;580-12-0357;52/Finance and Insurance;Westminster, London SW1A 357AA;UK
2020-11-03T12:00:00Z;ACME Co., Ltd;-;580-12-0358;52/Finance and Insurance;Westminster, London SW1A 358AA;UK
2020-11-04T12:00:00Z;ACME Co., Ltd;-;580-12-0359;52/Finance and Insurance;Westminster, London SW1A 359AA;UK
2020-11-05T12:00:00Z;ACME Co., Ltd;-;580-12-0360;52/Finance and Insurance;Westminster, London SW1A 360AA;UK
2020-11-06T12:00:00Z;ACME Co., Ltd;-;580-12-0361;52/Finance and Insurance;Westminster, London SW1A 361AA;UK
2020-11-07T12:00:00Z;ACME Co., Ltd;-;580-12-0362;52/Finance and Insurance;Westminster, London SW1A 362AA;UK
2020-11-08T12:00:00Z;ACME Co., Ltd;-;580-12-0363;52/Finance and Insurance;Westminster, London SW1A 363AA;UK
2020-11-09T12:00:00Z;ACME Co., Ltd;-;580-12-0364;52/Finance and Insurance;Westminster, London SW1A 364AA;UK
2020-11-10T12:00:00Z;ACME Co., Ltd;-;580-12-0365;52/Finance and Insurance;Westminster, London SW1A 365AA;UK
2020-11-11T12:00:00Z;ACME Co., Ltd;-;580-12-0366;52/Finance and Insurance;Westminster, London SW1A 366AA;UK
2020-11-12T12:00:00Z;ACME Co., Ltd;-;580-12-0367;52/Finance and Insurance;Westminster, London SW1A 367AA;UK
2020-11-13T12:00:00Z;ACME Co., Ltd;-;580-12-0368;52/Finance and Insurance;Westminster, London SW1A 368AA;UK
2020-11-14T12:00:00Z;ACME Co., Ltd;-;580-12-0369;52/Finance and Insurance;Westminster, London SW1A 369AA;UK
2020-11-15T12:00:00Z;ACME Co., Ltd;-;580-12-0370;52/Finance and Insurance;Westminster, London SW1A 370AA;UK
2020-11-16T12:00:00Z;ACME Co., Ltd;-;580-12-0371;52/Finance and Insurance;Westminster, London SW1A 371AA;UK
2020-11-17T12:00:00Z;ACME Co., Ltd;-;580-12-0372;52/Finance and Insurance;Westminster, London SW1A 372AA;UK
2020-11-18T12:00:00Z;ACME Co., Ltd;-;580-12-0373;52/Finance and Insurance;Westminster, London SW1A 373AA;UK
2020-11-19T12:00:00Z;ACME Co., Ltd;-;580-12-0374;52/Finance and Insurance;Westminster, London SW1A 374AA;UK
2020-11-20T12:00:00Z;ACME Co., Ltd;-;580-12-0375;52/Finance and Insurance;Westminster, London SW1A 375AA;UK
2020-11-21T12:00:00Z;ACME Co., Ltd;-;580-12-0376;52/Finance and Insurance;Westminster, London SW1A 376AA;UK
2020-11-22T12:00:00Z;ACME Co., Ltd;-;580-12-0377;52/Finance and Insurance;Westminster, London SW1A 377AA;UK
2020-11-23T12:00:00Z;ACME Co., Ltd;-;580-12-0378;52/Finance and Insurance;Westminster, London SW1A 378AA;UK
2020-11-24T12:00:00Z;ACME Co., Ltd;-;580-12-0379;52/Finance and Insurance;Westminster, London SW1A 379AA;UK
2020-11-25T12:00:00Z;ACME Co., Ltd;-;580-12-0380;52/Finance and Insurance;Westminster, London SW1A 380AA;UK
2020-11-26T12:00:00Z;ACME Co., Ltd;-;580-12-0381;52/Finance and Insurance;Westminster, London SW1A 381AA;UK
2020-11-27T12:00:00Z;ACME Co., Ltd;-;580-12-0382;52/Finance and Insurance;Westminster, London SW1A 382AA;UK
2020-11-28T12:00:00Z;ACME Co., Ltd;-;580-12-0383;52/Finance and Insurance;Westminster, London SW1A 383AA;UK
2020-11-29T12:00:00Z;ACME Co., Ltd;-;580-12-0384;52/Finance and Insurance;Westminster, London SW1A 384AA;UK
2020-11-30T12:00:00Z;ACME Co., Ltd;-;580-12-0385;52/Finance and Insurance;Westminster, London SW1A 385AA;UK
2020-12-01T12:00:00Z;ACME Co., Ltd;-;580-12-0386;52/Finance and Insurance;Westminster, London SW1A 386AA;UK
2020-12-02T12:00:00Z;ACME Co., Ltd;-;580-12-0387;52/Finance and Insurance;Westminster, London SW1A 387AA;UK
2020-12-03T12:00:00Z;ACME Co., Ltd;-;580-12-0388;52/Finance and Insurance;Westminster, London SW1A 388AA;UK
2020-12-04T12:00:00Z;ACME Co., Ltd;-;580-12-0389;52/Finance and Insurance;Westminster, London SW1A 389AA;UK
2020-12-05T12:00:00Z;ACME Co., Ltd;-;580-12-0390;52/Finance and Insurance;Westminster, London SW1A 390AA;UK
2020-12-06T12:00:00Z;ACME Co., Ltd;-;580-12-0391;52/Finance and Insurance;Westminster, London SW1A 391AA;UK
2020-12-07T12:00:00Z;ACME Co., Ltd;-;580-12-0392;52/Finance and Insurance;Westminster, London SW1A 392AA;UK
2020-12-08T12:00:00Z;ACME Co., Ltd;-;580-12-0393;52/Finance and Insurance;Westminster, London SW1A 393AA;UK
2020-12-09T12:00:00Z;ACME Co., Ltd;-;580-12-0394;52/Finance and Insurance;Westminster, London SW1A 394AA;UK
2020-12-10T12:00:00Z;ACME Co., Ltd;-;580-12-0395;52/Finance and Insurance;Westminster, London SW1A 395AA;UK
2020-12-11T12:00:00Z;ACME Co., Ltd;-;580-12-0396;52/Finance and Insurance;Westminster, London SW1A 396AA;UK
2020-12-12T12:00:00Z;ACME Co., Ltd;-;580-12-0397;52/Finance and Insurance;Westminster, London SW1A 397AA;UK
2020-12-13T12:00:00Z;ACME Co., Ltd;-;580-12-0398;52/Finance and Insurance;Westminster, London SW1A 398AA;UK
2020-12-14T12:00:00Z;ACME Co., Ltd;-;580-12-0399;52/Finance and Insurance;Westminster, London SW1A 399AA;UK
2020-12-15T12:00:00Z;ACME Co., Ltd;-;580-12-0400;52/Finance and Insurance;Westminster, London SW1A 400AA;UK
2020-12-16T12:00:00Z;ACME Co., Ltd;-;580-12-0401;52/Finance and Insurance;Westminster, London SW1A 401AA;UK
2020-12-17T12:00:00Z;ACME Co., Ltd;-;580-12-0402;52/Finance and Insurance;Westminster, London SW1A 402AA;UK
2020-12-18T12:00:00Z;ACME Co., Ltd;-;580-12-0403;52/Finance and Insurance;Westminster, London SW1A 403AA;UK
2020-12-19T12:00:00Z;ACME Co., Ltd;-;580-12-0404;52/Finance and Insurance;Westminster, London SW1A 404AA;UK
2020-12-20T12:00:00Z;ACME Co., Ltd;-;580-12-0405;52/Finance and Insurance;Westminster, London SW1A 405AA;UK
2020-12-21T12:00:00Z;ACME Co., Ltd;-;580-12-0406;52/Finance and Insurance;Westminster, London SW1A 406AA;UK
2020-12-22T12:00:00Z;ACME Co., Ltd;-;580-12-0407;52/Finance and Insurance;Westminster, London SW1A 407AA;UK
2020-12-23T12:00:00Z;ACME Co., Ltd;-;580-12-0408;52/Finance and Insurance;Westminster, London SW1A 408AA;UK
2020-12-24T12:00:00Z;ACME Co., Ltd;-;580-12-0409;52/Finance and Insurance;Westminster, London SW1A 409AA;UK
2020-12-25T12:00:00Z;ACME Co., Ltd;-;580-12-0410;52/Finance and Insurance;Westminster, London SW1A 410AA;UK
2020-12-26T12:00:00Z;ACME Co., Ltd;-;580-12-0411;52/Finance and Insurance;Westminster, London SW1A 411AA;UK
2020-12-27T12:00:00Z;ACME Co., Ltd;-;580-12-0412;52/Finance and Insurance;Westminster, London SW1A 412AA;UK
2020-12-28T12:00:00Z;ACME Co., Ltd;-;580-12-0413;52/Finance and Insurance;Westminster, London SW1A 413AA;UK
2020-12-29T12:00:00Z;ACME Co., Ltd;-;580-12-0414;52/Finance and Insurance;Westminster, London SW1A 414AA;UK
2020-12-30T12:00:00Z;ACME Co., Ltd;-;580-12-0415;52/Finance and Insurance;Westminster, London SW1A 415AA;UK
2020-12-31T12:00:00Z;ACME Co., Ltd;-;580-12-0416;52/Finance and Insurance;Westminster, London SW1A 416AA;UK
2021-01-01T12:00:00Z;ACME Co., Ltd;-;580-12-0417;52/Finance and Insurance;Westminster, London SW1A 417AA;UK
2021-01-02T12:00:00Z;ACME Co., Ltd;-;580-12-0418;52/Finance and Insurance;Westminster, London SW1A 418AA;UK
2021-01-03T12:00:00Z;ACME Co., Ltd;-;580-12-0419;52/Finance and Insurance;Westminster, London SW1A 419AA;UK
2021-01-04T12:00:00Z;ACME Co., Ltd;-;580-12-0420;52/Finance and Insurance;Westminster, London SW1A 420AA;UK
2021-01-05T12:00:00Z;ACME Co., Ltd;-;580-12-0421;52/Finance and Insurance;Westminster, London SW1A 421AA;UK
2021-01-06T12:00:00Z;ACME Co., Ltd;-;580-12-0422;52/Finance and Insurance;Westminster, London SW1A 422AA;UK
2021-01-07T12:00:00Z;ACME Co., Ltd;-;580-12-0423;52/Finance and Insurance;Westminster, London SW1A 423AA;UK
2021-01-08T12:00:00Z;ACME Co., Ltd;-;580-12-0424;52/Finance and Insurance;Westminster, London SW1A 424AA;UK
2021-01-09T12:00:00Z;ACME Co., Ltd;-;580-12-0425;52/Finance and Insurance;Westminster, London SW1A 425AA;UK
2021-01-10T12:00:00Z;ACME Co., Ltd;-;580-12-0426;52/Finance and Insurance;Westminster, London SW1A 426AA;UK
2021-01-11T12:00:00Z;ACME Co., Ltd;-;580-12-0427;52/Finance and Insurance;Westminster, London SW1A 427AA;UK
2021-01-12T12:00:00Z;ACME Co., Ltd;-;580-12-0428;52/Finance and Insurance;Westminster, London SW1A 428AA;UK
2021-01-13T12:00:00Z;ACME Co., Ltd;-;580-12-0429;52/Finance and Insurance;Westminster, London SW1A 429AA;UK
2021-01-14T12:00:00Z;ACME Co., Ltd;-;580-12-0430;52/Finance and Insurance;Westminster, London SW1A 430AA;UK
2021-01-15T12:00:00Z;ACME Co., Ltd;-;580-12-0431;52/Finance and Insurance;Westminster, London SW1A 431AA;UK
2021-01-16T12:00:00Z;ACME Co., Ltd;-;580-12-0432;52/Finance and Insurance;Westminster, London SW1A 432AA;UK
2021-01-17T12:00:00Z;ACME Co., Ltd;-;580-12-0433;52/Finance and Insurance;Westminster, London SW1A 433AA;UK
2021-01-18T12:00:00Z;ACME Co., Ltd;-;580-12-0434;52/Finance and Insurance;Westminster, London SW1A 434AA;UK
2021-01-19T12:00:00Z;ACME Co., Ltd;-;580-12-0435;52/Finance and Insurance;Westminster, London SW1A 435AA;UK
2021-01-20T12:00:00Z;ACME Co., Ltd;-;580-12-0436;52/Finance and Insurance;Westminster, London SW1A 436AA;UK
2021-01-21T12:00:00Z;ACME Co., Ltd;-;580-12-0437;52/Finance and Insurance;Westminster, London SW1A 437AA;UK
2021-01-22T12:00:00Z;ACME Co., Ltd;-;580-12-0438;52/Finance and Insurance;Westminster, London SW1A 438AA;UK
2021-01-23T12:00:00Z;ACME Co., Ltd;-;580-12-0439;52/Finance and Insurance;Westminster, London SW1A 439AA;UK
2021-01-24T12:00:00Z;ACME Co., Ltd;-;580-12-0440;52/Finance and Insurance;Westminster, London SW1A 440AA;UK
2021-01-25T12:00:00Z;ACME Co., Ltd;-;580-12-0441;52/Finance and Insurance;Westminster, London SW1A 441AA;UK
2021-01-26T12:00:00Z;ACME Co., Ltd;-;580-12-0442;52/Finance and Insurance;Westminster, London SW1A 442AA;UK
2021-01-27T12:00:00Z;ACME Co., Ltd;-;580-12-0443;52/Finance and Insurance;Westminster, London SW1A 443AA;UK
2021-01-28T12:00:00Z;ACME Co., Ltd;-;580-12-0444;52/Finance and Insurance;Westminster, London SW1A 444AA;UK
2021-01-29T12:00:00Z;ACME Co., Ltd;-;580-12-0445;52/Finance and Insurance;Westminster, London SW1A 445AA;UK
2021-01-30T12:00:00Z;ACME Co., Ltd;-;580-12-0446;52/Finance and Insurance;Westminster, London SW1A 446AA;UK
2021-01-31T12:00:00Z;ACME Co., Ltd;-;580-12-0447;52/Finance and Insurance;Westminster, London SW1A 447AA;UK
2021-02-01T12:00:00Z;ACME Co., Ltd;-;580-12-0448;52/Finance and Insurance;Westminster, London SW1A 448AA;UK
2021-02-02T12:00:00Z;ACME Co., Ltd;-;580-12-0449;52/Finance and Insurance;Westminster, London SW1A 449AA;UK
2021-02-03T12:00:00Z;ACME Co., Ltd;-;580-12-0450;52/Finance and Insurance;Westminster, London SW1A 450AA;UK
2021-02-04T12:00:00Z;ACME Co., Ltd;-;580-12-0451;52/Finance and Insurance;Westminster, London SW1A 451AA;UK
2021-02-05T12:00:00Z;ACME Co., Ltd;-;580-12-0452;52/Finance and Insurance;Westminster, London SW1A 452AA;UK
2021-02-06T12:00:00Z;ACME Co., Ltd;-;580-12-0453;52/Finance and Insurance;Westminster, London SW1A 453AA;UK
2021-02-07T12:00:00Z;ACME Co., Ltd;-;580-12-0454;52/Finance and Insurance;Westminster, London SW1A 454AA;UK
2021-02-08T12:00:00Z;ACME Co., Ltd;-;580-12-0455;52/Finance and Insurance;Westminster, London SW1A 455AA;UK
2021-02-09T12:00:00Z;ACME Co., Ltd;-;580-12-0456;52/Finance and Insurance;Westminster, London SW1A 456AA;UK
2021-02-10T12:00:00Z;ACME Co., Ltd;-;580-12-0457;52/Finance and Insurance;Westminster, London SW1A 457AA;UK
2021-02-11T12:00:00Z;ACME Co., Ltd;-;580-12-0458;52/Finance and Insurance;Westminster, London SW1A 458AA;UK
2021-02-12T12:00:00Z;ACME Co., Ltd;-;580-12-0459;52/Finance and Insurance;Westminster, London SW1A 459AA;UK
2021-02-13T12:00:00Z;ACME Co., Ltd;-;580-12-0460;52/Finance and Insurance;Westminster, London SW1A 460AA;UK
2021-02-14T12:00:00Z;ACME Co., Ltd;-;580-12-0461;52/Finance and Insurance;Westminster, London SW1A 461AA;UK
2021-02-15T12:00:00Z;ACME Co., Ltd;-;580-12-0462;52/Finance and Insurance;Westminster, London SW1A 462AA;UK
2021-02-16T12:00:00Z;ACME Co., Ltd;-;580-12-0463;52/Finance and Insurance;Westminster, London SW1A 463AA;UK
2021-02-17T12:00:00Z;ACME Co., Ltd;-;580-12-0464;52/Finance and Insurance;Westminster, London SW1A 464AA;UK
2021-02-18T12:00:00Z;ACME Co., Ltd;-;580-12-0465;52/Finance and Insurance;Westminster, London SW1A 465AA;UK
2021-02-19T12:00:00Z;ACME Co., Ltd;-;580-12-0466;52/Finance and Insurance;Westminster, London SW1A 466AA;UK
2021-02-20T12:00:00Z;ACME Co., Ltd;-;580-12-0467;52/Finance and Insurance;Westminster, London SW1A 467AA;UK
2021-02-21T12:00:00Z;ACME Co., Ltd;-;580-12-0468;52/Finance and Insurance;Westminster, London SW1A 468AA;UK
2021-02-22T12:00:00Z;ACME Co., Ltd;-;580-12-0469;52/Finance and Insurance;Westminster, London SW1A 469AA;UK
2021-02-23T12:00:00Z;ACME Co., Ltd;-;580-12-0470;52/Finance and Insurance;Westminster, London SW1A 470AA;UK
2021-02-24T12:00:00Z;ACME Co., Ltd;-;580-12-0471;52/Finance and Insurance;Westminster, London SW1A 471AA;UK
2021-02-25T12:00:00Z;ACME Co., Ltd;-;580-12-0472;52/Finance and Insurance;Westminster, London SW1A 472AA;UK
2021-02-26T12:00:00Z;ACME Co., Ltd;-;580-12-0473;52/Finance and Insurance;Westminster, London SW1A 473AA;UK
2021-02-27T12:00:00Z;ACME Co., Ltd;-;580-12-0474;52/Finance and Insurance;Westminster, London SW1A 474AA;UK
2021-02-28T12:00:00Z;ACME Co., Ltd;-;580-12-0475;52/Finance and Insurance;Westminster, London SW1A 475AA;UK
2021-03-01T12:00:00Z;ACME Co., Ltd;-;580-12-0476;52/Finance and Insurance;Westminster, London SW1A 476AA;UK
2021-03-02T12:00:00Z;ACME Co., Ltd;-;580-12-0477;52/Finance and Insurance;Westminster, London SW1A 477AA;UK
2021-03-03T12:00:00Z;ACME Co., Ltd;-;580-12-0478;52/Finance and Insurance;Westminster, London SW1A 478AA;UK
2021-03-04T12:00:00Z;ACME Co., Ltd;-;580-12-0479;52/Finance and Insurance;Westminster, London SW1A 479AA;UK
2021-03-05T12:00:00Z;ACME Co., Ltd;-;580-12-0480;52/Finance and Insurance;Westminster, London SW1A 480AA;UK
2021-03-06T12:00:00Z;ACME Co., Ltd;-;580-12-0481;52/Finance and Insurance;Westminster, London SW1A 481AA;UK
2021-03-07T12:00:00Z;ACME Co., Ltd;-;580-12-0482;52/Finance and Insurance;Westminster, London SW1A 482AA;UK
2021-03-08T12:00:00Z;ACME Co., Ltd;-;580-12-0483;52/Finance and Insurance;Westminster, London SW1A 483AA;UK
2021-03-09T12:00:00Z;ACME Co., Ltd;-;580-12-0484;52/Finance and Insurance;Westminster, London SW1A 484AA;UK
2021-03-10T12:00:00Z;ACME Co., Ltd;-;580-12-0485;52/Finance and Insurance;Westminster, London SW1A 485AA;UK
2021-03-11T12:00:00Z;ACME Co., Ltd;-;580-12-0486;52/Finance and Insurance;Westminster, London SW1A 486AA;UK
2021-03-12T12:00:00Z;ACME Co., Ltd;-;580-12-0487;52/Finance and Insurance;Westminster, London SW1A 487AA;UK
2021-03-13T12:00:00Z;ACME Co., Ltd;-;580-12-0488;52/Finance and Insurance;Westminster, London SW1A 488AA;UK
2021-03-14T12:00:00Z;ACME Co., Ltd;-;580-12-0489;52/Finance and Insurance;Westminster, London SW1A 489AA;UK
2021-03-15T12:00:00Z;ACME Co., Ltd;-;580-12-0490;52/Finance and Insurance;Westminster, London SW1A 490AA;UK
2021-03-16T12:00:00Z;ACME Co., Ltd;-;580-12-0491;52/Finance and Insurance;Westminster, London SW1A 491AA;UK
2021-03-17T12:00:00Z;ACME Co., Ltd;-;580-12-0492;52/Finance and Insurance;Westminster, London SW1A 492AA;UK
2021-03-18T12:00:00Z;ACME Co., Ltd;-;580-12-0493;52/Finance and Insurance;Westminster, London SW1A 493AA;UK
2021-03-19T12:00:00Z;ACME Co., Ltd;-;580-12-0494;52/Finance and Insurance;Westminster, London SW1A 494AA;UK
2021-03-20T12:00:00Z;ACME Co., Ltd;-;580-12-0495;52/Finance and Insurance;Westminster, London SW1A 495AA;UK
2021-03-21T12:00:00Z;ACME Co., Ltd;-;580-12-0496;52/Finance and Insurance;Westminster, London SW1A 496AA;UK
2021-03-22T12:00:00Z;ACME Co., Ltd;-;580-12-0497;52/Finance and Insurance;Westminster, London SW1A 497AA;UK
2021-03-23T12:00:00Z;ACME Co., Ltd;-;580-12-0498;52/Finance and Insurance;Westminster, London SW1A 498AA;UK
2021-03-24T12:00:00Z;ACME Co., Ltd;-;580-12-0499;52/Finance and Insurance;Westminster, London SW1A 499AA;UK
2021-03-25T12:00:00Z;ACME Co., Ltd;-;580-12-0500;52/Finance and Insurance;Westminster, London SW1A 500AA;UK
2021-03-26T12:00:00Z;ACME Co., Ltd;-;580-12-0501;52/Finance and Insurance;Westminster, London SW1A 501AA;UK
2021-03-27T12:00:00Z;ACME Co., Ltd;-;580-12-0502;52/Finance and Insurance;Westminster, London SW1A 502AA;UK
2021-03-28T12:00:00Z;ACME Co., Ltd;-;580-12-0503;52/Finance and Insurance;Westminster, London SW1A 503AA;UK
2021-03-29T12:00:00Z;ACME Co., Ltd;-;580-12-0504;52/Finance and Insurance;Westminster, London SW1A 504AA;UK
2021-03-30T12:00:00Z;ACME Co., Ltd;-;580-12-0505;52/Finance and Insurance;Westminster, London SW1A 505AA;UK
2021-03-31T12:00:00Z;ACME Co., Ltd;-;580-12-0506;52/Finance and Insurance;Westminster, London SW1A 506AA;UK
2021-04-01T12:00:00Z;ACME Co., Ltd;-;580-12-0507;52/Finance and Insurance;Westminster, London SW1A 507AA;UK
2021-04-02T12:00:00Z;ACME Co., Ltd;-;580-12-0508;52/Finance and Insurance;Westminster, London SW1A 508AA;UK
2021-04-03T12:00:00Z;ACME Co., Ltd;-;580-12-0509;52/Finance and Insurance;Westminster, London SW1A 509AA;UK
2021-04-04T12:00:00Z;ACME Co., Ltd;-;580-12-0510;52/Finance and Insurance;Westminster, London SW1A 510AA;UK
2021-04-05T12:00:00Z;ACME Co., Ltd;-;580-12-0511;52/Finance and Insurance;Westminster, London SW1A 511AA;UK
2021-04-06T12:00:00Z;ACME Co., Ltd;-;580-12-0512;52/Finance and Insurance;Westminster, London SW1A 512AA;UK
2021-04-07T12:00:00Z;ACME Co., Ltd;-;580-12-0513;52/Finance and Insurance;Westminster, London SW1A 513AA;UK
2021-04-08T12:00:00Z;ACME Co., Ltd;-;580-12-0514;52/Finance and Insurance;Westminster, London SW1A 514AA;UK
2021-04-09T12:00:00Z;ACME Co., Ltd;-;580-12-0515;52/Finance and Insurance;Westminster, London SW1A 515AA;UK
2021-04-10T12:00:00Z;ACME Co., Ltd;-;580-12-0516;52/Finance and Insurance;Westminster, London SW1A 516AA;UK
2021-04-11T12:00:00Z;ACME Co., Ltd;-;580-12-0517;52/Finance and Insurance;Westminster, London SW1A 517AA;UK
2021-04-12T12:00:00Z;ACME Co., Ltd;-;580-12-0518;52/Finance and Insurance;Westminster, London SW1A 518AA;UK
2021-04-13T12:00:00Z;ACME Co., Ltd;-;580-12-0519;52/Finance and Insurance;Westminster, London SW1A 519AA;UK
2021-04-14T12:00:00Z;ACME Co., Ltd;-;580-12-0520;52/Finance and Insurance;Westminster, London SW1A 520AA;UK
2021-04-15T12:00:00Z;ACME Co., Ltd;-;580-12-0521;52/Finance and Insurance;Westminster, London SW1A 521AA;UK
2021-04-16T12:00:00Z;ACME Co., Ltd;-;580-12-0522;52/Finance and Insurance;Westminster, London SW1A 522AA;UK
2021-04-17T12:00:00Z;ACME Co., Ltd;-;580-12-0523;52/Finance and Insurance;Westminster, London SW1A 523AA;UK
2021-04-18T12:00:00Z;ACME Co., Ltd;-;580-12-0524;52/Finance and Insurance;Westminster, London SW1A 524AA;UK
2021-04-19T12:00:00Z;ACME Co., Ltd;-;580-12-0525;52/Finance and Insurance;Westminster, London SW1A 525AA;UK
2021-04-20T12:00:00Z;ACME Co., Ltd;-;580-12-0526;52/Finance and Insurance;Westminster, London SW1A 526AA;UK
2021-04-21T12:00:00Z;ACME Co., Ltd;-;580-12-0527;52/Finance and Insurance;Westminster, London SW1A 527AA;UK
2021-04-22T12:00:00Z;ACME Co., Ltd;-;580-12-0528;52/Finance and Insurance;Westminster, London SW1A 528AA;UK
2021-04-23T12:00:00Z;ACME Co., Ltd;-;580-12-0529;52/Finance and Insurance;Westminster, London SW1A 529AA;UK
2021-04-24T12:00:00Z;ACME Co., Ltd;-;580-12-0530;52/Finance and Insurance;Westminster, London SW1A 530AA;UK
2021-04-25T12:00:00Z;ACME Co., Ltd;-;580-12-0531;52/Finance and Insurance;Westminster, London SW1A 531AA;UK
2021-04-26T12:00:00Z;ACME Co., Ltd;-;580-12-0532;52/Finance and Insurance;Westminster, London SW1A 532AA;UK
2021-04-27T12:00:00Z;ACME Co., Ltd;-;580-12-0533;52/Finance and Insurance;Westminster, London SW1A 533AA;UK
2021-04-28T12:00:00Z;ACME Co., Ltd;-;580-12-0534;52/Finance and Insurance;Westminster, London SW1A 534AA;UK
2021-04-29T12:00:00Z;ACME Co., Ltd;-;580-12-0535;52/Finance and Insurance;Westminster, London SW1A 535AA;UK
2021-04-30T12:00:00Z;ACME Co., Ltd;-;580-12-0536;52/Finance and Insurance;Westminster, London SW1A 536AA;UK
2021-05-01T12:00:00Z;ACME Co., Ltd;-;580-12-0537;52/Finance and Insurance;Westminster, London SW1A 537AA;UK
2021-05-02T12:00:00Z;ACME Co., Ltd;-;580-12-0538;52/Finance and Insurance;Westminster, London SW1A 538AA;UK
2021-05-03T12:00:00Z;ACME Co., Ltd;-;580-12-0539;52/Finance and Insurance;Westminster, London SW1A 539AA;UK
2021-05-04T12:00:00Z;ACME Co., Ltd;-;580-12-0540;52/Finance and Insurance;Westminster, London SW1A 540AA;UK
2021-05-05T12:00:00Z;ACME Co., Ltd;-;580-12-0541;52/Finance and Insurance;Westminster, London SW1A 541AA;UK
2021-05-06T12:00:00Z;ACME Co., Ltd;-;580-12-0542;52/Finance and Insurance;Westminster, London SW1A 542AA;UK
2021-05-07T12:00:00Z;ACME Co., Ltd;-;580-12-0543;52/Finance and Insurance;Westminster, London SW1A 543AA;UK
2021-05-08T12:00:00Z;ACME Co., Ltd;-;580-12-0544;52/Finance and Insurance;Westminster, London SW1A 544AA;UK
2021-05-09T12:00:00Z;ACME Co., Ltd;-;580-12-0545;52/Finance and Insurance;Westminster, London SW1A 545AA;UK
2021-05-10T12:00:00Z;ACME Co., Ltd;-;580-12-0546;52/Finance and Insurance;Westminster, London SW1A 546AA;UK
2021-05-11T12:00:00Z;ACME Co., Ltd;-;580-12-0547;52/Finance and Insurance;Westminster, London SW1A 547AA;UK
2021-05-12T12:00:00Z;ACME Co., Ltd;-;580-12-0548;52/Finance and Insurance;Westminster, London SW1A 548AA;UK
2021-05-13T12:00:00Z;ACME Co., Ltd;-;580-12-0549;52/Finance and Insurance;Westminster, London SW1A 549AA;UK
2021-05-14T12:00:00Z;ACME Co., Ltd;-;580-12-0550;52/Finance and Insurance;Westminster, London SW1A 550AA;UK
2021-05-15T12:00:00Z;ACME Co., Ltd;-;580-12-0551;52/Finance and Insurance;Westminster, London SW1A 551AA;UK
2021-05-16T12:00:00Z;ACME Co., Ltd;-;580-12-0552;52/Finance and Insurance;Westminster, London SW1A 552AA;UK
2021-05-17T12:00:00Z;ACME Co., Ltd;-;580-12-0553;52/Finance and Insurance;Westminster, London SW1A 553AA;UK
2021-05-18T12:00:00Z;ACME Co., Ltd;-;580-12-0554;52/Finance and Insurance;Westminster, London SW1A 554AA;UK
2021-05-19T12:00:00Z;ACME Co., Ltd;-;580-12-0555;52/Finance and Insurance;Westminster, London SW1A 555AA;UK
2021-05-20T12:00:00Z;ACME Co., Ltd;-;580-12-0556;52/Finance and Insurance;Westminster, London SW1A 556AA;UK
2021-05-21T12:00:00Z;ACME Co., Ltd;-;580-12-0557;52/Finance and Insurance;Westminster, London SW1A 557AA;UK
2021-05-22T12:00:00Z;ACME Co., Ltd;-;580-12-0558;52/Finance and Insurance;Westminster, London SW1A 558AA;UK
2021-05-23T12:00:00Z;ACME Co., Ltd;-;580-12-0559;52/Finance and Insurance;Westminster, London SW1A 559AA;UK
2021-05-24T12:00:00Z;ACME Co., Ltd;-;580-12-0560;52/Finance and Insurance;Westminster, London SW1A 560AA;UK
2021-05-25T12:00:00Z;ACME Co., Ltd;-;580-12-0561;52/Finance and Insurance;Westminster, London SW1A 561AA;UK
2021-05-26T12:00:00Z;ACME Co., Ltd;-;580-12-0562;52/Finance and Insurance;Westminster, London SW1A 562AA;UK
2021-05-27T12:00:00Z;ACME Co., Ltd;-;580-12-0563;52/Finance and Insurance;Westminster, London SW1A 563AA;UK
2021-05-28T12:00:00Z;ACME Co., Ltd;-;580-12-0564;52/Finance and Insurance;Westminster, London SW1A 564AA;UK
2021-05-29T12:00:00Z;ACME Co., Ltd;-;580-12-0565;52/Finance and Insurance;Westminster, London SW1A 565AA;UK
2021-05-30T12:00:00Z;ACME Co., Ltd;-;580-12-0566;52/Finance and Insurance;Westminster, London SW1A 566AA;UK
2021-05-31T12:00:00Z;ACME Co., Ltd;-;580-12-0567;52/Finance and Insurance;Westminster, London SW1A 567AA;UK
2021-06-01T12:00:00Z;ACME Co., Ltd;-;580-12-0568;52/Finance and Insurance;Westminster, London SW1A 568AA;UK
2021-06-02T12:00:00Z;ACME Co., Ltd;-;580-12-0569;52/Finance and Insurance;Westminster, London SW1A 569AA;UK
2021-06-03T12:00:00Z;ACME Co., Ltd;-;580-12-0570;52/Finance and Insurance;Westminster, London SW1A 570AA;UK
2021-06-04T12:00:00Z;ACME Co., Ltd;-;580-12-0571;52/Finance and Insurance;Westminster, London SW1A 571AA;UK
2021-06-05T12:00:00Z;ACME Co., Ltd;-;580-12-0572;52/Finance and Insurance;Westminster, London SW1A 572AA;UK
2021-06-06T12:00:00Z;ACME Co., Ltd;-;580-12-0573;52/Finance and Insurance;Westminster, London SW1A 573AA;UK
2021-06-07T12:00:00Z;ACME Co., Ltd;-;580-12-0574;52/Finance and Insurance;Westminster, London SW1A 574AA;UK
2021-06-08T12:00:00Z;ACME Co., Ltd;-;580-12-0575;52/Finance and Insurance;Westminster, London SW1A 575AA;UK
2021-06-09T12:00:00Z;ACME Co., Ltd;-;580-12-0576;52/Finance and Insurance;Westminster, London SW1A 576AA;UK
2021-06-10T12:00:00Z;ACME Co., Ltd;-;580-12-0577;52/Finance and Insurance;Westminster, London SW1A 577AA;UK
2021-06-11T12:00:00Z;ACME Co., Ltd;-;580-12-0578;52/Finance and Insurance;Westminster, London SW1A 578AA;UK
2021-06-12T12:00:00Z;ACME Co., Ltd;-;580-12-0579;52/Finance and Insurance;Westminster, London SW1A 579AA;UK
2021-06-13T12:00:00Z;ACME Co., Ltd;-;580-12-0580;52/Finance and Insurance;Westminster, London SW1A 580AA;UK
2021-06-14T12:00:00Z;ACME Co., Ltd;-;580-12-0581;52/Finance and Insurance;Westminster, London SW1A 581AA;UK
2021-06-15T12:00:00Z;ACME Co., Ltd;-;580-12-0582;52/Finance and Insurance;Westminster, London SW1A 582AA;UK
2021-06-16T12:00:00Z;ACME Co., Ltd;-;580-12-0583;52/Finance and Insurance;Westminster, London SW1A 583AA;UK
2021-06-17T12:00:00Z;ACME Co., Ltd;-;580-12-0584;52/Finance and Insurance;Westminster, London SW1A 584AA;UK
2021-06-18T12:00:00Z;ACME Co., Ltd;-;580-12-0585;52/Finance and Insurance;Westminster, London SW1A 585AA;UK
2021-06-19T12:00:00Z;ACME Co., Ltd;-;580-12-0586;52/Finance and Insurance;Westminster, London SW1A 586AA;UK
2021-06-20T12:00:00Z;ACME Co., Ltd;-;580-12-0587;52/Finance and Insurance;Westminster, London SW1A 587AA;UK
2021-06-21T12:00:00Z;ACME Co., Ltd;-;580-12-0588;52/Finance and Insurance;Westminster, London SW1A 588AA;UK
2021-06-22T12:00:00Z;ACME Co., Ltd;-;580-12-0589;52/Finance and Insurance;Westminster, London SW1A 589AA;UK
2021-06-23T12:00:00Z;ACME Co., Ltd;-;580-12-0590;52/Finance and Insurance;Westminster, London SW1A 590AA;UK
2021-06-24T12:00:00Z;ACME Co., Ltd;-;580-12-0591;52/Finance and Insurance;Westminster, London SW1A 591AA;UK
2021-06-25T12:00:00Z;ACME Co., Ltd;-;580-12-0592;52/Finance and Insurance;Westminster, London SW1A 592AA;UK
2021-06-26T12:00:00Z;ACME Co., Ltd;-;580-12-0593;52/Finance and Insurance;Westminster, London SW1A 593AA;UK
2021-06-27T12:00:00Z;ACME Co., Ltd;-;580-12-0594;52/Finance and Insurance;Westminster, London SW1A 594AA;UK
2021-06-28T12:00:00Z;ACME Co., Ltd;-;580-12-0595;52/Finance and Insurance;Westminster, London SW1A 595AA;UK
2021-06-29T12:00:00Z;ACME Co., Ltd;-;580-12-0596;52/Finance and Insurance;Westminster, London SW1A 596AA;UK
2021-06-30T12:00:00Z;ACME Co., Ltd;-;580-12-0597;52/Finance and Insurance;Westminster, London SW1A 597AA;UK
2021-07-01T12:00:00Z;ACME Co., Ltd;-;580-12-0598;52/Finance and Insurance;Westminster, London SW1A 598AA;UK
2021-07-02T12:00:00Z;ACME Co., Ltd;-;580-12-0599;52/Finance and Insurance;Westminster, London SW1A 599AA;UK
2021-07-03T12:00:00Z;ACME Co., Ltd;-;580-12-0600;52/Finance and Insurance;Westminster, London SW1A 600AA;UK
2021-07-04T12:00:00Z;ACME Co., Ltd;-;580-12-0601;52/Finance and Insurance;Westminster, London SW1A 601AA;UK
2021-07-05T12:00:00Z;ACME Co., Ltd;-;580-12-0602;52/Finance and Insurance;Westminster, London SW1A 602AA;UK
2021-07-06T12:00:00Z;ACME Co., Ltd;-;580-12-0603;52/Finance and Insurance;Westminster, London SW1A 603AA;UK
2021-07-07T12:00:00Z;ACME Co., Ltd;-;580-12-0604;52/Finance and Insurance;Westminster, London SW1A 604AA;UK
2021-07-08T12:00:00Z;ACME Co., Ltd;-;580-12-0605;52/Finance and Insurance;Westminster, London SW1A 605AA;UK
2021-07-09T12:00:00Z;ACME Co., Ltd;-;580-12-0606;52/Finance and Insurance;Westminster, London SW1A 606AA;UK
2021-07-10T12:00:00Z;ACME Co., Ltd;-;580-12-0607;52/Finance and Insurance;Westminster, London SW1A 607AA;UK
2021-07-11T12:00:00Z;ACME Co., Ltd;-;580-12-0608;52/Finance and Insurance;Westminster, London SW1A 608AA;UK
2021-07-12T12:00:00Z;ACME Co., Ltd;-;580-12-0609;52/Finance and Insurance;Westminster, London SW1A 609AA;UK
2021-07-13T12:00:00Z;ACME Co., Ltd;-;580-12-0610;52/Finance and Insurance;Westminster, London SW1A 610AA;UK
2021-07-14T12:00:00Z;ACME Co., Ltd;-;580-12-0611;52/Finance and Insurance;Westminster, London SW1A 611AA;UK
2021-07-15T12:00:00Z;ACME Co., Ltd;-;580-12-0612;52/Finance and Insurance;Westminster, London SW1A 612AA;UK
2021-07-16T12:00:00Z;ACME Co., Ltd;-;580-12-0613;52/Finance and Insurance;Westminster, London SW1A 613AA;UK
2021-07-17T12:00:00Z;ACME Co., Ltd;-;580-12-0614;52/Finance and Insurance;Westminster, London SW1A 614AA;UK
2021-07-18T12:00:00Z;ACME Co., Ltd;-;580-12-0615;52/Finance and Insurance;Westminster, London SW1A 615AA;UK
2021-07-19T12:00:00Z;ACME Co., Ltd;-;580-12-0616;52/Finance and Insurance;Westminster, London SW1A 616AA;UK
2021-07-20T12:00:00Z;ACME Co., Ltd;-;580-12-0617;52/Finance and Insurance;Westminster, London SW1A 617AA;UK
2021-07-21T12:00:00Z;ACME Co., Ltd;-;580-12-0618;52/Finance and Insurance;Westminster, London SW1A 618AA;UK
2021-07-22T12:00:00Z;ACME Co., Ltd;-;580-12-0619;52/Finance and Insurance;Westminster, London SW1A 619AA;UK
2021-07-23T12:00:00Z;ACME Co., Ltd;-;580-12-0620;52/Finance and Insurance;Westminster, London SW1A 620AA;UK
2021-07-24T12:00:00Z;ACME Co., Ltd;-;580-12-0621;52/Finance and Insurance;Westminster, London SW1A 621AA;UK
2021-07-25T12:00:00Z;ACME Co., Ltd;-;580-12-0622;52/Finance and Insurance;Westminster, London SW1A 622AA;UK
2021-07-26T12:00:00Z;ACME Co., Ltd;-;580-12-0623;52/Finance and Insurance;Westminster, London SW1A 623AA;UK
2021-07-27T12:00:00Z;ACME Co., Ltd;-;580-12-0624;52/Finance and Insurance;Westminster, London SW1A 624AA;UK
2021-07-28T12:00:00Z;ACME Co., Ltd;-;580-12-0625;52/Finance and Insurance;Westminster, London SW1A 625AA;UK
2021-07-29T12:00:00Z;ACME Co., Ltd;-;580-12-0626;52/Finance and Insurance;Westminster, London SW1A 626AA;UK
2021-07-30T12:00:00Z;ACME Co., Ltd;-;580-12-0627;52/Finance and Insurance;Westminster, London SW1A 627AA;UK
2021-07-31T12:00:00Z;ACME Co., Ltd;-;580-12-0628;52/Finance and Insurance;Westminster, London SW1A 628AA;UK
2021-08-01T12:00:00Z;ACME Co., Ltd;-;580-12-0629;52/Finance and Insurance;Westminster, London SW1A 629AA;UK
2021-08-02T12:00:00Z;ACME Co., Ltd;-;580-12-0630;52/Finance and Insurance;Westminster, London SW1A 630AA;UK
2021-08-03T12:00:00Z;ACME Co., Ltd;-;580-12-0631;52/Finance and Insurance;Westminster, London SW1A 631AA;UK
2021-08-04T12:00:00Z;ACME Co., Ltd;-;580-12-0632;52/Finance and Insurance;Westminster, London SW1A 632AA;UK
2021-08-05T12:00:00Z;ACME Co., Ltd;-;580-12-0633;52/Finance and Insurance;Westminster, London SW1A 633AA;UK
2021-08-06T12:00:00Z;ACME Co., Ltd;-;580-12-0634;52/Finance and Insurance;Westminster, London SW1A 634AA;UK
2021-08-07T12:00:00Z;ACME Co., Ltd;-;580-12-0635;52/Finance and Insurance;Westminster, London SW1A 635AA;UK
2021-08-08T12:00:00Z;ACME Co., Ltd;-;580-12-0636;52/Finance and Insurance;Westminster, London SW1A 636AA;UK
2021-08-09T12:00:00Z;ACME Co., Ltd;-;580-12-0637;52/Finance and Insurance;Westminster, London SW1A 637AA;UK
2021-08-10T12:00:00Z;ACME Co., Ltd;-;580-12-0638;52/Finance and Insurance;Westminster, London SW1A 638AA;UK
2021-08-11T12:00:00Z;ACME Co., Ltd;-;580-12-0639;52/Finance and Insurance;Westminster, London SW1A 639AA;UK
2021-08-12T12:00:00Z;ACME Co., Ltd;-;580-12-0640;52/Finance and Insurance;Westminster, London SW1A 640AA;UK
2021-08-13T12:00:00Z;ACME Co., Ltd;-;580-12-0641;52/Finance and Insurance;Westminster, London SW1A 641AA;UK
2021-08-14T12:00:00Z;ACME Co., Ltd;-;580-12-0642;52/Finance and Insurance;Westminster, London SW1A 642AA;UK
2021-08-15T12:00:00Z;ACME Co., Ltd;-;580-12-0643;52/Finance and Insurance;Westminster, London SW1A 643AA;UK
2021-08-16T12:00:00Z;ACME Co., Ltd;-;580-12-0644;52/Finance and Insurance;Westminster, London SW1A 644AA;UK
2021-08-17T12:00:00Z;ACME Co., Ltd;-;580-12-0645;52/Finance and Insurance;Westminster, London SW1A 645AA;UK
2021-08-18T12:00:00Z;ACME Co., Ltd;-;580-12-0646;52/Finance and Insurance;Westminster, London SW1A 646AA;UK
2021-08-19T12:00:00Z;ACME Co., Ltd;-;580-12-0647;52/Finance and Insurance;Westminster, London SW1A 647AA;UK
2021-08-20T12:00:00Z;ACME Co., Ltd;-;580-12-0648;52/Finance and Insurance;Westminster, London SW1A 648AA;UK
2021-08-21T12:00:00Z;ACME Co., Ltd;-;580-12-0649;52/Finance and Insurance;Westminster, London SW1A 649AA;UK
2021-08-22T12:00:00Z;ACME Co., Ltd;-;580-12-0650;52/Finance and Insurance;Westminster, London SW1A 650AA;UK
2021-08-23T12:00:00Z;ACME Co., Ltd;-;580-12-0651;52/Finance and Insurance;Westminster, London SW1A 651AA;UK
2021-08-24T12:00:00Z;ACME Co., Ltd;-;580-12-0652;52/Finance and Insurance;Westminster, London SW1A 652AA;UK
2021-08-25T12:00:00Z;ACME Co., Ltd;-;580-12-0653;52/Finance and Insurance;Westminster, London SW1A 653AA;UK
2021-08-26T12:00:00Z;ACME Co., Ltd;-;580-12-0654;52/Finance and Insurance;Westminster, London SW1A 654AA;UK
2021-08-27T12:00:00Z;ACME Co., Ltd;-;580-12-0655;52/Finance and Insurance;Westminster, London SW1A 655AA;UK
2021-08-28T12:00:00Z;ACME Co., Ltd;-;580-12-0656;52/Finance and Insurance;Westminster, London SW1A 656AA;UK
2021-08-29T12:00:00Z;ACME Co., Ltd;-;580-12-0657;52/Finance and Insurance;Westminster, London SW1A 657AA;UK
2021-08-30T12:00:00Z;ACME Co., Ltd;-;580-12-0658;52/Finance and Insurance;Westminster, London SW1A 658AA;UK
2021-08-31T12:00:00Z;ACME Co., Ltd;-;580-12-0659;52/Finance and Insurance;Westminster, London SW1A 659AA;UK
2021-09-01T12:00:00Z;ACME Co., Ltd;-;580-12-0660;52/Finance and Insurance;Westminster, London SW1A 660AA;UK
2021-09-02T12:00:00Z;ACME Co., Ltd;-;580-12-0661;52/Finance and Insurance;Westminster, London SW1A 661AA;UK
2021-09-03T12:00:00Z;ACME Co., Ltd;-;580-12-0662;52/Finance and Insurance;Westminster, London SW1A 662AA;UK
2021-09-04T12:00:00Z;ACME Co., Ltd;-;580-12-0663;52/Finance and Insurance;Westminster, London SW1A 663AA;UK
2021-09-05T12:00:00Z;ACME Co., Ltd;-;580-12-0664;52/Finance and Insurance;Westminster, London SW1A 664AA;UK
2021-09-06T12:00:00Z;ACME Co., Ltd;-;580-12-0665;52/Finance and Insurance;Westminster, London SW1A 665AA;UK
2021-09-07T12:00:00Z;ACME Co., Ltd;-;580-12-0666;52/Finance and Insurance;Westminster, London SW1A 666AA;UK
2021-09-08T12:00:00Z;ACME Co., Ltd;-;580-12-0667;52/Finance and Insurance;Westminster, London SW1A 667AA;UK
2021-09-09T12:00:00Z;ACME Co., Ltd;-;580-12-0668;52/Finance and Insurance;Westminster, London SW1A 668AA;UK
2021-09-10T12:00:00Z;ACME Co., Ltd;-;580-12-0669;52/Finance and Insurance;Westminster, London SW1A 669AA;UK
2021-09-11T12:00:00Z;ACME Co., Ltd;-;580-12-0670;52/Finance and Insurance;Westminster, London SW1A 670AA;UK
2021-09-12T12:00:00Z;ACME Co., Ltd;-;580-12-0671;52/Finance and Insurance;Westminster, London SW1A 671AA;UK
2021-09-13T12:00:00Z;ACME Co., Ltd;-;580-12-0672;52/Finance and Insurance;Westminster, London SW1A 672AA;UK
2021-09-14T12:00:00Z;ACME Co., Ltd;-;580-12-0673;52/Finance and Insurance;Westminster, London SW1A 673AA;UK
2021-09-15T12:00:00Z;ACME Co., Ltd;-;580-12-0674;52/Finance and Insurance;Westminster, London SW1A 674AA;UK
2021-09-16T12:00:00Z;ACME Co., Ltd;-;580-12-0675;52/Finance and Insurance;Westminster, London SW1A 675AA;UK
2021-09-17T12:00:00Z;ACME Co., Ltd;-;580-12-0676;52/Finance and Insurance;Westminster, London SW1A 676AA;UK
2021-09-18T12:00:00Z;ACME Co., Ltd;-;580-12-0677;52/Finance and Insurance;Westminster, London SW1A 677AA;UK
2021-09-19T12:00:00Z;ACME Co., Ltd;-;580-12-0678;52/Finance and Insurance;Westminster, London SW1A 678AA;UK
2021-09-20T12:00:00Z;ACME Co., Ltd;-;580-12-0679;52/Finance and Insurance;Westminster, London SW1A 679AA;UK
2021-09-21T12:00:00Z;ACME Co., Ltd;-;580-12-0680;52/Finance and Insurance;Westminster, London SW1A 680AA;UK
2021-09-22T12:00:00Z;ACME Co., Ltd;-;580-12-0681;52/Finance and Insurance;Westminster, London SW1A 681AA;UK
2021-09-23T12:00:00Z;ACME Co., Ltd;-;580-12-0682;52/Finance and Insurance;Westminster, London SW1A 682AA;UK
2021-09-24T12:00:00Z;ACME Co., Ltd;-;580-12-0683;52/Finance and Insurance;Westminster, London SW1A 683AA;UK
2021-09-25T12:00:00Z;ACME Co., Ltd;-;580-12-0684;52/Finance and Insurance;Westminster, London SW1A 684AA;UK
2021-09-26T12:00:00Z;ACME Co., Ltd;-;580-12-0685;52/Finance and Insurance;Westminster, London SW1A 685AA;UK
2021-09-27T12:00:00Z;ACME Co., Ltd;-;580-12-0686;52/Finance and Insurance;Westminster, London SW1A 686AA;UK
2021-09-28T12:00:00Z;ACME Co., Ltd;-;580-12-0687;52/Finance and Insurance;Westminster, London SW1A 687AA;UK
2021-09-29T12:00:00Z;ACME Co., Ltd;-;580-12-0688;52/Finance and Insurance;Westminster, London SW1A 688AA;UK
2021-09-30T12:00:00Z;ACME Co., Ltd;-;580-12-0689;52/Finance and Insurance;Westminster, London SW1A 689AA;UK
2021-10-01T12:00:00Z;ACME Co., Ltd;-;580-12-0690;52/Finance and Insurance;Westminster, London SW1A 690AA;UK
2021-10-02T12:00:00Z;ACME Co., Ltd;-;580-12-0691;52/Finance and Insurance;Westminster, London SW1A 691AA;UK
2021-10-03T12:00:00Z;ACME Co., Ltd;-;580-12-0692;52/Finance and Insurance;Westminster, London SW1A 692AA;UK
2021-10-04T12:00:00Z;ACME Co., Ltd;-;580-12-0693;52/Finance and Insurance;Westminster, London SW1A 693AA;UK
2021-10-05T12:00:00Z;ACME Co., Ltd;-;580-12-0694;52/Finance and Insurance;Westminster, London SW1A 694AA;UK
2021-10-06T12:00:00Z;ACME Co., Ltd;-;580-12-0695;52/Finance and Insurance;Westminster, London SW1A 695AA;UK
2021-10-07T12:00:00Z;ACME Co., Ltd;-;580-12-0696;52/Finance and Insurance;Westminster, London SW1A 696AA;UK
2021-10-08T12:00:00Z;ACME Co., Ltd;-;580-12-0697;52/Finance and Insurance;Westminster, London SW1A 697AA;UK
2021-10-09T12:00:00Z;ACME Co., Ltd;-;580-12-0698;52/Finance and Insurance;Westminster, London SW1A 698AA;UK
2021-10-10T12:00:00Z;ACME Co., Ltd;-;580-12-0699;52/Finance and Insurance;Westminster, London SW1A 699AA;UK
2021-10-11T12:00:00Z;ACME Co., Ltd;-;580-12-0700;52/Finance and Insurance;Westminster, London SW1A 700AA;UK
2021-10-12T12:00:00Z;ACME Co., Ltd;-;580-12-0701;52/Finance and Insurance;Westminster, London SW1A 701AA;UK
2021-10-13T12:00:00Z;ACME Co., Ltd;-;580-12-0702;52/Finance and Insurance;Westminster, London SW1A 702AA;UK
2021-10-14T12:00:00Z;ACME Co., Ltd;-;580-12-0703;52/Finance and Insurance;Westminster, London SW1A 703AA;UK
2021-10-15T12:00:00Z;ACME Co., Ltd;-;580-12-0704;52/Finance and Insurance;Westminster, London SW1A 704AA;UK
2021-10-16T12:00:00Z;ACME Co., Ltd;-;580-12-0705;52/Finance and Insurance;Westminster, London SW1A 705AA;UK
2021-10-17T12:00:00Z;ACME Co., Ltd;-;580-12-0706;52/Finance and Insurance;Westminster, London SW1A 706AA;UK
2021-10-18T12:00:00Z;ACME Co., Ltd;-;580-12-0707;52/Finance and Insurance;Westminster, London SW1A 707AA;UK
2021-10-19T12:00:00Z;ACME Co., Ltd;-;580-12-0708;52/Finance and Insurance;Westminster, London SW1A 708AA;UK
2021-10-20T12:00:00Z;ACME Co., Ltd;-;580-12-0709;52/Finance and Insurance;Westminster, London SW1A 709AA;UK
2021-10-21T12:00:00Z;ACME Co., Ltd;-;580-12-0710;52/Finance and Insurance;Westminster, London SW1A 710AA;UK
2021-10-22T12:00:00Z;ACME Co., Ltd;-;580-12-0711;52/Finance and Insurance;Westminster, London SW1A 711AA;UK
2021-10-23T12:00:00Z;ACME Co., Ltd;-;580-12-0712;52/Finance and Insurance;Westminster, London SW1A 712AA;UK
2021-10-24T12:00:00Z;ACME Co., Ltd;-;580-12-0713;52/Finance and Insurance;Westminster, London SW1A 713AA;UK
2021-10-25T12:00:00Z;ACME Co., Ltd;-;580-12-0714;52/Finance and Insurance;Westminster, London SW1A 714AA;UK
2021-10-26T12:00:00Z;ACME Co., Ltd;-;580-12-0715;52/Finance and Insurance;Westminster, London SW1A 715AA;UK
2021-10-27T12:00:00Z;ACME Co., Ltd;-;580-12-0716;52/Finance and Insurance;Westminster, London SW1A 716AA;UK
2021-10-28T12:00:00Z;ACME Co., Ltd;-;580-12-0717;52/Finance and Insurance;Westminster, London SW1A 717AA;UK
2021-10-29T12:00:00Z;ACME Co., Ltd;-;580-12-0718;52/Finance and Insurance;Westminster, London SW1A 718AA;UK
2021-10-30T12:00:00Z;ACME Co., Ltd;-;580-12-0719;52/Finance and Insurance;Westminster, London SW1A 719AA;UK
2021-10-31T12:00:00Z;ACME Co., Ltd;-;580-12-0720;52/Finance and Insurance;Westminster, London SW1A 720AA;UK
