2019-11-14T23:30:30Z,John Smith,580-13-7429,52/Finance and Insurance,Westminster, London SW1A 1AA,uk
2019-11-15T01:30:30Z,John Smith,580-13-7429,52/Finance and Insurance,Westminster, London SW1A 1AA,uk
2019-11-15T03:30:30Z,John Smith,580-13-7429,52/Finance and Insurance,Westminster, London SW1A 1AA,uk
2019-11-15T05:30:30Z,John Smith,580-13-7429,52/Finance and Insurance,Westminster, London SW1A 1AA,uk
2019-11-15T07:30:30Z,John Smith,580-13-7429,52/Finance and Insurance,Westminster, London SW1A 1AA,uk
2019-11-15T09:30:30Z,John Smith,580-13-7429,52/Finance and Insurance,Westminster, London SW1A 1AA,uk
2019-11-15T11:30:30Z,John Smith,580-13-7429,52/Finance and Insurance,Westminster, London SW1A 1AA,uk
2019-11-15T13:30:30Z,John Smith,580-13-7429,52/Finance and Insurance,Westminster, London SW1A 1AA,uk
2019-11-15T15:30:30Z,John Smith,580-13-7429,52/Finance and Insurance,Westminster, London SW1A 1AA,uk
2019-11-15T17:30:30Z,John Smith,580-13-7429,52/Finance and Insurance,Westminster, London SW1A 1AA,uk
2019-11-15T19:30:30Z,John Smith,580-13-7429,52/Finance and Insurance,Westminster, London SW1A 1AA,uk
2019-11-15T21:30:30Z,John Smith,580-13-7429,52/Finance and Insurance,Westminster, London SW1A 1AA,uk
2019-11-15T23:30:30Z,John Smith,580-13-7429,52/Finance and Insurance,Westminster, London SW1A 1AA,uk
2019-11-16T01:30:30Z,John Smith,580-13-7429,52/Finance and Insurance,Westminster, London SW1A 1AA,uk
2019-11-16T03:30:30Z,John Smith,580-13-7429,52/Finance and Insurance,Westminster, London SW1A 1AA,uk
2019-11-16T05:30:30Z,John Smith,580-13-7429,52/Finance and Insurance,Westminster, London SW1A 1AA,uk
2019-11-16T07:30:30Z,John Smith,580-13-7429,52/Finance and Insurance,Westminster, London SW1A 1AA,uk
2019-11-16T09:30:30Z,John Smith,580-13-7429,52/Finance and Insurance,Westminster, London SW1A 1AA,uk
2019-11-16T11:30:30Z,John Smith,580-13-7429,52/Finance and Insurance,Westminster, London SW1A 1AA,uk
2019-11-16T13:30:30Z,John Smith,580-13-7429,52/Finance and Insurance,Westminster, London SW1A 1AA,uk
2019-11-16T15:30:30Z,John Smith,580-13-7429,52/Finance and Insurance,Westminster, London SW1A 1AA,uk
2019-11-16T17:30:30Z,John Smith,580-13-7429,52/Finance and Insurance,Westminster, London SW1A 1AA,uk
2019-11-16T19:30:30Z,John Smith,580-13-7429,52/Finance and Insurance,Westminster, London SW1A 1AA,uk
2019-11-16T21:30:30Z,John Smith,580-13-7429,52/Finance and Insurance,Westminster, London SW1A 1AA,uk
2019-11-16T23:30:30Z,John Smith,580-13-7429,52/Finance and Insurance,Westminster, London SW1A 1AA,uk
2019-11-17T01:30:30Z,John Smith,580-13-7429,52/Finance and Insurance,Westminster, London SW1A 1AA,uk
2019-11-17T03:30:30Z,John Smith,580-13-7429,52/Finance and Insurance,Westminster, London SW1A 1AA,uk
2019-11-17T05:30:30Z,John Smith,580-13-7429,52/Finance and Insurance,Westminster, London SW1A 1AA,uk
2019-11-17T07:30:30Z,John Smith,580-13-7429,52/Finance and Insurance,Westminster, London SW1A 1AA,uk
2019-11-17T09:30:30Z,John Smith,580-13-7429,52/Finance and Insurance,Westminster, London SW1A 1AA,uk
2019-11-17T11:30:30Z,John Smith,580-13-7429,52/Finance and Insurance,Westminster, London SW1A 1AA,uk
2019-11-17T13:30:30Z,John Smith,580-13-7429,52/Finance and Insurance,Westminster, London SW1A 1AA,uk
2019-11-17T15:30:30Z,John Smith,580-13-7429,52/Finance and Insurance,Westminster, London SW1A 1AA,uk
2019-11-17T17:30:30Z,John Smith,580-13-7429,52/Finance and Insurance,Westminster, London SW1A 1AA,uk
2019-11-17T19:30:30Z,John Smith,580-13-7429,52/Finance and Insurance,Westminster, London SW1A 1AA,uk
2019-11-17T21:30:30Z,John Smith,580-13-7429,52/Finance and Insurance,Westminster, London SW1A 1AA,uk
2019-11-17T23:30:30Z,John Smith,580-13-7429,52/Finance and Insurance,Westminster, London SW1A 1AA,uk
2019-11-18T01:30:30Z,John Smith,580-13-7429,52/Finance and Insurance,Westminster, London SW1A 1AA,uk
2019-11-18T03:30:30Z,John Smith,580-13-7429,52/Finance and Insurance,Westminster, London SW1A 1AA,uk
2019-11-18T05:30:30Z,John Smith,580-13-7429,52/Finance and Insurance,Westminster, London SW1A 1AA,uk
2019-11-18T07:30:30Z,John Smith,580-13-7429,52/Finance and Insurance,Westminster, London SW1A 1AA,uk
2019-11-18T09:30:30Z,John Smith,580-13-7429,52/Finance and Insurance,Westminster, London SW1A 1AA,uk
2019-11-18T11:30:30Z,John Smith,580-13-7429,52/Finance and Insurance,Westminster, London SW1A 1AA,uk
2019-11-18T13:30:30Z,John Smith,580-13-7429,52/Finance and Insurance,Westminster, London SW1A 1AA,uk
2019-11-18T15:30:30Z,John Smith,580-13-7429,52/Finance and Insurance,Westminster, London SW1A 1AA,uk
2019-11-18T17:30:30Z,John Smith,580-13-7429,52/Finance and Insurance,Westminster, London SW1A 1AA,uk
2019-11-18T19:30:30Z,John Smith,580-13-7429,52/Finance and Insurance,Westminster, London SW1A 1AA,uk
2019-11-18T21:30:30Z,John Smith,580-13-7429,52/Finance and Insurance,Westminster, London SW1A 1AA,uk
2019-11-18T23:30:30Z,John Smith,580-13-7429,52/Finance and Insurance,Westminster, London SW1A 1AA,uk
2019-11-19T01:30:30Z,John Smith,580-13-7429,52/Finance and Insurance,Westminster, London SW1A 1AA,uk
